model,framework,scenario,channel,recovery_accuracy,mape,correlation,bias,total_recovery_ratio
bsts,F3,S1,tv,52.79,47.21,0.565,0.2172,1.444
bsts,F3,S1,search,0.0,1547.24,0.457,0.3891,16.485
bsts,F3,S1,social,0.0,304.07,0.729,0.5756,4.079
bsts,F3,S1,display,0.0,329.05,-0.461,-0.2072,-2.292
bsts,F3,S1,video,0.0,221.02,-0.612,-1.0316,-1.223
bsts,F3,S1,total,82.43,17.57,0.55,-0.057,0.954
bsts,F3,S2,tv,75.67,24.33,0.495,-0.0172,0.975
bsts,F3,S2,search,0.0,1474.49,0.47,0.3747,15.759
bsts,F3,S2,social,0.0,187.17,0.731,0.3587,2.897
bsts,F3,S2,display,0.0,302.54,-0.494,-0.1925,-2.028
bsts,F3,S2,video,0.0,109.25,-0.559,-0.6622,-0.094
bsts,F3,S2,total,81.05,18.95,0.445,-0.1384,0.912
bsts,F3,S3,tv,68.24,31.76,0.569,0.1326,1.254
bsts,F3,S3,search,0.0,1616.27,0.544,0.4321,17.199
bsts,F3,S3,social,0.0,297.24,0.747,0.6014,4.012
bsts,F3,S3,display,71.83,28.17,0.635,0.0182,1.273
bsts,F3,S3,video,0.0,187.77,-0.609,-0.9398,-0.886
bsts,F3,S3,total,76.8,23.2,0.593,0.2445,1.186
bsts,F3,S4,tv,63.56,36.44,0.792,-0.1036,0.737
bsts,F3,S4,search,0.0,1584.8,0.477,0.4049,16.866
bsts,F3,S4,social,0.0,251.88,0.811,0.5358,3.573
bsts,F3,S4,display,0.0,167.82,-0.511,-0.1073,-0.679
bsts,F3,S4,video,0.0,111.64,-0.756,-0.6097,-0.119
bsts,F3,S4,total,81.55,18.45,0.555,0.1202,1.097
bsts,F3,S5,tv,0.0,957.48,0.708,0.5223,10.74
bsts,F3,S5,search,0.0,5755.38,0.413,0.3897,58.58
bsts,F3,S5,social,0.0,2301.98,0.79,0.7556,24.332
bsts,F3,S5,display,0.0,212.75,0.499,0.032,3.123
bsts,F3,S5,video,0.0,934.07,-0.7,-0.648,-8.453
bsts,F3,S5,total,0.0,595.04,0.47,1.0516,6.962
kalman_dlm,F3,S1,tv,66.91,33.09,0.565,-0.1343,0.726
kalman_dlm,F3,S1,search,0.0,1471.32,0.457,0.37,15.725
kalman_dlm,F3,S1,social,0.0,331.94,0.729,0.6283,4.361
kalman_dlm,F3,S1,display,0.0,344.77,-0.461,-0.2171,-2.45
kalman_dlm,F3,S1,video,0.0,124.91,-0.612,-0.5809,-0.252
kalman_dlm,F3,S1,total,82.0,18.0,0.562,0.0659,1.054
kalman_dlm,F3,S2,tv,40.43,59.57,0.495,-0.404,0.41
kalman_dlm,F3,S2,search,0.0,1436.21,0.47,0.365,15.376
kalman_dlm,F3,S2,social,0.0,260.64,0.731,0.4993,3.64
kalman_dlm,F3,S2,display,0.0,177.65,-0.494,-0.113,-0.777
kalman_dlm,F3,S2,video,32.58,67.42,0.559,-0.4056,0.33
kalman_dlm,F3,S2,total,83.06,16.94,0.396,-0.0583,0.963
kalman_dlm,F3,S3,tv,68.84,31.16,0.569,-0.1313,0.749
kalman_dlm,F3,S3,search,0.0,1726.64,0.544,0.4616,18.306
kalman_dlm,F3,S3,social,0.0,201.89,0.747,0.4087,3.047
kalman_dlm,F3,S3,display,0.0,412.63,0.635,0.2758,5.13
kalman_dlm,F3,S3,video,0.0,112.67,-0.609,-0.5621,-0.128
kalman_dlm,F3,S3,total,64.87,35.13,0.579,0.4528,1.345
kalman_dlm,F3,S4,tv,59.13,40.87,0.792,-0.1314,0.667
kalman_dlm,F3,S4,search,0.0,1670.58,0.477,0.4268,17.725
kalman_dlm,F3,S4,social,0.0,237.48,0.811,0.5053,3.426
kalman_dlm,F3,S4,display,13.42,86.58,0.511,0.055,1.86
kalman_dlm,F3,S4,video,0.0,106.89,-0.756,-0.5832,-0.071
kalman_dlm,F3,S4,total,75.43,24.57,0.533,0.2725,1.22
kalman_dlm,F3,S5,tv,0.0,458.12,0.708,0.2501,5.665
kalman_dlm,F3,S5,search,0.0,5705.39,0.413,0.3863,58.08
kalman_dlm,F3,S5,social,0.0,1670.37,0.79,0.5484,17.932
kalman_dlm,F3,S5,display,0.0,1345.54,0.499,0.2028,14.462
kalman_dlm,F3,S5,video,0.0,401.17,-0.7,-0.2778,-3.052
kalman_dlm,F3,S5,total,0.0,628.84,0.494,1.1099,7.292
mcmc_stock,F3,S1,tv,61.75,38.25,0.948,-0.1875,0.617
mcmc_stock,F3,S1,search,0.0,157.89,1.0,0.0397,2.579
mcmc_stock,F3,S1,social,76.4,23.6,0.989,0.044,1.235
mcmc_stock,F3,S1,display,27.4,72.6,0.993,0.0457,1.726
mcmc_stock,F3,S1,video,39.77,60.23,0.952,-0.2797,0.397
mcmc_stock,F3,S1,total,72.57,27.43,0.925,-0.3378,0.725
mcmc_stock,F3,S2,tv,0.0,102.45,0.96,0.6949,2.016
mcmc_stock,F3,S2,search,0.0,192.05,1.0,0.0488,2.921
mcmc_stock,F3,S2,social,58.77,41.23,0.99,0.0778,1.412
mcmc_stock,F3,S2,display,5.8,94.2,0.995,0.0599,1.942
mcmc_stock,F3,S2,video,54.7,45.3,0.948,-0.2755,0.545
mcmc_stock,F3,S2,total,60.87,39.13,0.954,0.6058,1.386
mcmc_stock,F3,S3,tv,93.9,6.1,0.967,0.0307,1.059
mcmc_stock,F3,S3,search,0.0,188.48,1.0,0.0503,2.885
mcmc_stock,F3,S3,social,65.32,34.68,0.993,0.0691,1.346
mcmc_stock,F3,S3,display,5.0,95.0,0.998,0.0634,1.95
mcmc_stock,F3,S3,video,57.84,42.16,0.967,-0.2102,0.578
mcmc_stock,F3,S3,total,98.87,1.13,0.959,0.0033,1.002
mcmc_stock,F3,S4,tv,86.39,13.61,0.971,-0.0554,0.86
mcmc_stock,F3,S4,search,0.0,223.03,1.0,0.0569,3.23
mcmc_stock,F3,S4,social,50.48,49.52,0.999,0.103,1.495
mcmc_stock,F3,S4,display,0.0,123.23,0.995,0.0788,2.232
mcmc_stock,F3,S4,video,47.59,52.41,1.0,-0.2855,0.476
mcmc_stock,F3,S4,total,91.82,8.18,0.923,-0.1022,0.917
mcmc_stock,F3,S5,tv,0.0,377.06,0.866,0.2003,4.736
mcmc_stock,F3,S5,search,0.0,837.84,0.993,0.0567,9.375
mcmc_stock,F3,S5,social,0.0,513.6,0.952,0.1657,6.117
mcmc_stock,F3,S5,display,0.0,590.68,0.988,0.089,6.906
mcmc_stock,F3,S5,video,0.0,134.3,0.932,0.0912,2.33
mcmc_stock,F3,S5,total,0.0,343.59,0.852,0.6029,4.418
geo_adstock,F1,S1,tv,0.0,262.58,0.221,1.2757,3.606
geo_adstock,F1,S1,search,0.0,1643.32,0.457,0.4132,17.447
geo_adstock,F1,S1,social,0.0,321.09,0.729,0.6077,4.251
geo_adstock,F1,S1,display,0.0,790.95,-0.461,-0.4981,-6.915
geo_adstock,F1,S1,video,0.0,316.96,-0.279,-1.4701,-2.167
geo_adstock,F1,S1,total,69.87,30.13,0.427,0.3285,1.267
geo_adstock,F1,S2,tv,40.43,59.57,0.495,-0.404,0.41
geo_adstock,F1,S2,search,0.0,1436.21,0.47,0.365,15.376
geo_adstock,F1,S2,social,0.0,260.64,0.731,0.4993,3.64
geo_adstock,F1,S2,display,0.0,177.65,-0.494,-0.113,-0.777
geo_adstock,F1,S2,video,32.58,67.42,0.559,-0.4056,0.33
geo_adstock,F1,S2,total,83.06,16.94,0.396,-0.0583,0.963
geo_adstock,F1,S3,tv,0.0,160.2,0.324,0.8256,2.58
geo_adstock,F1,S3,search,0.0,1846.58,0.544,0.4937,19.508
geo_adstock,F1,S3,social,0.0,225.26,0.747,0.456,3.284
geo_adstock,F1,S3,display,0.0,161.68,-0.635,-0.108,-0.618
geo_adstock,F1,S3,video,0.0,187.91,-0.355,-0.9366,-0.879
geo_adstock,F1,S3,total,43.2,56.8,0.505,0.7306,1.556
geo_adstock,F1,S4,tv,77.72,22.28,0.8,0.0419,1.106
geo_adstock,F1,S4,search,0.0,1893.36,0.477,0.4838,19.956
geo_adstock,F1,S4,social,0.0,205.04,0.811,0.4366,3.096
geo_adstock,F1,S4,display,84.44,15.56,0.511,-0.0098,0.847
geo_adstock,F1,S4,video,4.93,95.07,0.821,-0.5175,0.05
geo_adstock,F1,S4,total,63.42,36.58,0.442,0.435,1.352
geo_adstock,F1,S5,tv,0.0,4571.64,0.29,2.4343,46.399
geo_adstock,F1,S5,search,0.0,6055.51,0.413,0.41,61.583
geo_adstock,F1,S5,social,0.0,1648.12,0.79,0.5411,17.706
geo_adstock,F1,S5,display,0.0,831.92,-0.499,-0.1255,-7.327
geo_adstock,F1,S5,video,0.0,2888.66,-0.33,-1.9704,-27.744
geo_adstock,F1,S5,total,0.0,732.79,0.344,1.2895,8.311
weibull_adstock,F1,S1,tv,0.0,418.56,0.01,2.0322,5.151
weibull_adstock,F1,S1,search,0.0,3793.19,0.448,0.9534,38.947
weibull_adstock,F1,S1,social,0.0,433.78,0.752,0.8173,5.372
weibull_adstock,F1,S1,display,65.36,34.64,0.435,-0.0218,0.654
weibull_adstock,F1,S1,video,0.0,586.97,-0.016,-2.7133,-4.846
weibull_adstock,F1,S1,total,11.94,88.06,0.316,1.0678,1.869
weibull_adstock,F1,S2,tv,0.0,398.13,0.302,2.7004,4.946
weibull_adstock,F1,S2,search,0.0,4116.99,0.464,1.0459,42.193
weibull_adstock,F1,S2,social,0.0,249.94,0.756,0.4765,3.52
weibull_adstock,F1,S2,display,0.0,509.59,-0.471,-0.3242,-4.099
weibull_adstock,F1,S2,video,0.0,477.36,-0.287,-2.8709,-3.742
weibull_adstock,F1,S2,total,31.65,68.35,0.265,1.0276,1.655
weibull_adstock,F1,S3,tv,33.28,66.72,0.185,0.3299,1.631
weibull_adstock,F1,S3,search,0.0,4197.14,0.552,1.1215,43.043
weibull_adstock,F1,S3,social,0.0,191.46,0.782,0.3857,2.932
weibull_adstock,F1,S3,display,0.0,738.89,0.625,0.494,8.399
weibull_adstock,F1,S3,video,0.0,151.17,-0.206,-0.7529,-0.511
weibull_adstock,F1,S3,total,0.0,121.0,0.405,1.5783,2.201
weibull_adstock,F1,S4,tv,0.0,194.98,-0.797,-0.7852,-0.991
weibull_adstock,F1,S4,search,0.0,3795.21,0.473,0.9692,38.977
weibull_adstock,F1,S4,social,0.0,188.29,0.872,0.3994,2.917
weibull_adstock,F1,S4,display,0.0,1514.66,0.49,0.9686,16.155
weibull_adstock,F1,S4,video,83.5,16.5,0.817,-0.0678,0.876
weibull_adstock,F1,S4,total,0.0,121.48,0.109,1.4843,2.2
weibull_adstock,F1,S5,tv,0.0,5368.78,0.177,2.8511,54.172
weibull_adstock,F1,S5,search,0.0,12711.26,0.411,0.8602,128.101
weibull_adstock,F1,S5,social,0.0,2169.68,0.754,0.7077,22.852
weibull_adstock,F1,S5,display,0.0,1576.77,0.477,0.2377,16.774
weibull_adstock,F1,S5,video,0.0,4082.51,-0.157,-2.7744,-39.472
weibull_adstock,F1,S5,total,0.0,1071.85,0.286,1.8823,11.671
almon_pdl,F1,S1,tv,0.0,1964.99,-0.527,9.453,20.311
almon_pdl,F1,S1,search,0.0,100.0,0.0,-0.0251,0.0
almon_pdl,F1,S1,social,0.0,133.16,-0.481,0.2045,2.094
almon_pdl,F1,S1,display,0.0,1939.91,-0.076,-1.2198,-18.385
almon_pdl,F1,S1,video,0.0,1993.0,0.523,-9.1098,-18.627
almon_pdl,F1,S1,total,42.58,57.42,-0.093,-0.6971,0.433
almon_pdl,F1,S2,tv,0.0,1363.11,-0.315,9.0439,14.217
almon_pdl,F1,S2,search,0.0,100.0,0.0,-0.0254,0.0
almon_pdl,F1,S2,social,0.0,494.67,0.035,0.9148,5.837
almon_pdl,F1,S2,display,0.0,1419.07,-0.116,-0.9018,-13.183
almon_pdl,F1,S2,video,0.0,1754.05,0.351,-10.301,-16.015
almon_pdl,F1,S2,total,18.69,81.31,0.162,-1.2695,0.19
almon_pdl,F1,S3,tv,0.0,1436.57,-0.355,7.3891,15.144
almon_pdl,F1,S3,search,0.0,100.0,0.0,-0.0267,0.0
almon_pdl,F1,S3,social,0.0,375.64,-0.234,0.7177,4.594
almon_pdl,F1,S3,display,0.0,1524.5,-0.283,-1.0184,-14.252
almon_pdl,F1,S3,video,0.0,1592.7,0.364,-7.8459,-14.743
almon_pdl,F1,S3,total,40.57,59.43,-0.049,-0.7843,0.403
almon_pdl,F1,S4,tv,0.0,124.73,0.436,-0.4645,-0.178
almon_pdl,F1,S4,search,0.0,100.0,0.0,-0.0255,0.0
almon_pdl,F1,S4,social,0.0,690.89,0.34,1.422,7.827
almon_pdl,F1,S4,display,0.0,987.24,-0.13,-0.6307,-8.868
almon_pdl,F1,S4,video,33.84,66.16,0.504,-0.33,0.394
almon_pdl,F1,S4,total,68.62,31.38,-0.245,-0.0287,0.977
almon_pdl,F1,S5,tv,0.0,17429.48,-0.285,9.1396,171.45
almon_pdl,F1,S5,search,0.0,100.0,0.0,-0.0068,0.0
almon_pdl,F1,S5,social,0.0,338.7,-0.524,-0.112,-2.457
almon_pdl,F1,S5,display,0.0,5252.89,-0.136,-0.7909,-51.495
almon_pdl,F1,S5,video,0.0,11600.82,0.281,-7.7885,-112.616
almon_pdl,F1,S5,total,0.0,272.75,-0.159,0.4414,3.502
dual_adstock,F1,S1,tv,0.0,896.9,0.194,4.381,9.95
dual_adstock,F1,S1,search,0.0,28121.77,-0.896,-7.096,-281.433
dual_adstock,F1,S1,social,0.0,141.52,0.832,0.2684,2.436
dual_adstock,F1,S1,display,0.0,3458.35,-0.639,-2.1788,-33.625
dual_adstock,F1,S1,video,0.0,1095.3,-0.322,-5.0794,-9.944
dual_adstock,F1,S1,total,0.0,789.93,-0.468,-9.7048,-6.899
dual_adstock,F1,S2,tv,0.0,615.89,0.341,4.1913,7.125
dual_adstock,F1,S2,search,0.0,48562.73,-0.902,-12.3865,-486.857
dual_adstock,F1,S2,social,0.0,107.93,0.835,0.2071,2.095
dual_adstock,F1,S2,display,0.0,7428.42,-0.665,-4.7299,-73.388
dual_adstock,F1,S2,video,0.0,740.46,-0.448,-4.4663,-6.377
dual_adstock,F1,S2,total,0.0,1105.13,-0.221,-17.1844,-9.961
dual_adstock,F1,S3,tv,0.0,727.32,0.309,3.7976,8.269
dual_adstock,F1,S3,search,0.0,6614.94,-0.92,-1.7747,-65.528
dual_adstock,F1,S3,social,0.0,162.34,0.851,0.329,2.648
dual_adstock,F1,S3,display,0.0,3900.77,-0.774,-2.6112,-38.107
dual_adstock,F1,S3,video,0.0,899.56,-0.398,-4.4846,-7.999
dual_adstock,F1,S3,total,0.0,360.94,-0.512,-4.7439,-2.611
dual_adstock,F1,S4,tv,50.17,49.83,0.89,-0.1864,0.527
dual_adstock,F1,S4,search,0.0,73076.67,-0.908,-18.7443,-733.432
dual_adstock,F1,S4,social,0.0,428.84,0.909,0.9108,5.373
dual_adstock,F1,S4,display,0.0,1713.75,-0.678,-1.0969,-16.162
dual_adstock,F1,S4,video,26.31,73.69,0.854,-0.399,0.268
dual_adstock,F1,S4,total,0.0,1577.99,-0.405,-19.5159,-14.778
dual_adstock,F1,S5,tv,0.0,10309.97,0.376,5.4974,103.524
dual_adstock,F1,S5,search,0.0,33837.44,-0.891,-2.3001,-338.842
dual_adstock,F1,S5,social,0.0,107.7,-0.891,-0.0349,-0.078
dual_adstock,F1,S5,display,0.0,1061.02,-0.706,-0.1601,-9.626
dual_adstock,F1,S5,video,0.0,7878.01,-0.459,-5.3823,-77.515
dual_adstock,F1,S5,total,0.0,1345.34,-0.664,-2.3801,-12.493
koyck,F2,S1,tv,5.67,94.33,0.406,-0.4614,0.057
koyck,F2,S1,search,0.0,627.96,0.873,0.1588,7.322
koyck,F2,S1,social,51.13,48.87,0.593,0.0933,1.499
koyck,F2,S1,display,84.55,15.45,0.63,-0.0086,0.864
koyck,F2,S1,video,5.63,94.37,0.452,-0.4376,0.057
koyck,F2,S1,total,46.38,53.62,0.543,-0.6555,0.466
koyck,F2,S2,tv,2.23,97.77,0.32,-0.6689,0.023
koyck,F2,S2,search,0.0,644.95,0.878,0.1649,7.495
koyck,F2,S2,social,50.4,49.6,0.593,0.0958,1.507
koyck,F2,S2,display,59.3,40.7,0.64,0.0261,1.41
koyck,F2,S2,video,14.93,85.07,0.359,-0.5139,0.151
koyck,F2,S2,total,42.99,57.01,0.316,-0.8959,0.429
koyck,F2,S3,tv,7.82,92.18,0.399,-0.4811,0.079
koyck,F2,S3,search,0.0,822.34,0.895,0.2213,9.295
koyck,F2,S3,social,68.19,31.81,0.602,0.0564,1.282
koyck,F2,S3,display,0.0,104.8,0.693,0.0704,2.055
koyck,F2,S3,video,5.43,94.57,0.444,-0.471,0.055
koyck,F2,S3,total,53.72,46.28,0.565,-0.604,0.54
koyck,F2,S4,tv,10.95,89.05,0.625,-0.3485,0.117
koyck,F2,S4,search,0.0,844.79,0.88,0.2171,9.507
koyck,F2,S4,social,74.3,25.7,0.661,0.0316,1.152
koyck,F2,S4,display,14.05,85.95,0.644,0.0552,1.864
koyck,F2,S4,video,0.41,99.59,0.509,-0.5425,0.004
koyck,F2,S4,total,52.31,47.69,0.507,-0.5871,0.525
koyck,F2,S5,tv,27.66,72.34,0.691,-0.0383,0.286
koyck,F2,S5,search,0.0,1651.17,0.902,0.1125,17.627
koyck,F2,S5,social,0.0,437.65,0.74,0.1449,5.473
koyck,F2,S5,display,0.0,244.13,0.711,0.0369,3.45
koyck,F2,S5,video,7.97,92.03,0.657,-0.0629,0.082
koyck,F2,S5,total,0.0,107.97,0.641,0.1931,2.095
ardl,F2,S1,tv,0.0,1501.43,-0.547,7.1965,15.701
ardl,F2,S1,search,0.0,100.0,0.0,-0.0251,0.0
ardl,F2,S1,social,0.0,737.67,-0.162,-1.3728,-6.344
ardl,F2,S1,display,0.0,1566.73,-0.081,-0.9852,-14.656
ardl,F2,S1,video,0.0,1896.65,0.444,-8.6602,-17.659
ardl,F2,S1,total,0.0,316.85,0.481,-3.8469,-2.131
ardl,F2,S2,tv,0.0,218.37,0.243,1.4498,3.119
ardl,F2,S2,search,0.0,100.0,0.0,-0.0254,0.0
ardl,F2,S2,social,0.0,103.26,0.368,0.1867,1.987
ardl,F2,S2,display,0.0,2279.05,-0.12,-1.4483,-21.778
ardl,F2,S2,video,0.0,117.39,-0.402,-0.1166,0.807
ardl,F2,S2,total,68.77,31.23,-0.263,0.0463,1.03
ardl,F2,S3,tv,0.0,1005.09,-0.298,5.1604,10.878
ardl,F2,S3,search,0.0,100.0,0.0,-0.0267,0.0
ardl,F2,S3,social,45.15,54.85,-0.557,-0.0177,0.911
ardl,F2,S3,display,0.0,198.5,0.191,0.126,2.887
ardl,F2,S3,video,0.0,1150.81,0.281,-5.6743,-10.386
ardl,F2,S3,total,63.27,36.73,0.172,-0.4323,0.671
ardl,F2,S4,tv,0.0,114.13,0.542,0.2761,1.7
ardl,F2,S4,search,0.0,100.0,0.0,-0.0255,0.0
ardl,F2,S4,social,0.0,1272.12,-0.407,-2.649,-11.718
ardl,F2,S4,display,0.0,990.36,-0.128,-0.6327,-8.899
ardl,F2,S4,video,0.0,1019.43,0.59,5.5925,11.266
ardl,F2,S4,total,0.0,219.8,-0.287,2.5615,3.071
ardl,F2,S5,tv,0.0,17428.6,-0.21,9.1529,171.699
ardl,F2,S5,search,0.0,100.0,0.0,-0.0068,0.0
ardl,F2,S5,social,0.0,1522.96,-0.282,-0.4929,-14.221
ardl,F2,S5,display,0.0,4214.9,-0.134,-0.6347,-41.124
ardl,F2,S5,video,0.0,14844.18,0.188,-9.9838,-144.641
ardl,F2,S5,total,0.0,1134.65,0.175,-1.9653,-10.142
finite_dl,F2,S1,tv,0.0,234.8,-0.494,1.0913,3.229
finite_dl,F2,S1,search,0.0,100.0,0.0,-0.0251,0.0
finite_dl,F2,S1,social,1.6,98.4,-0.033,0.1658,1.887
finite_dl,F2,S1,display,0.0,100.0,0.072,-0.0629,0.0
finite_dl,F2,S1,video,0.0,389.03,0.459,-1.7868,-2.85
finite_dl,F2,S1,total,50.33,49.67,-0.451,-0.6178,0.497
finite_dl,F2,S2,tv,0.0,143.33,-0.28,0.8879,2.298
finite_dl,F2,S2,search,0.0,100.0,0.0,-0.0254,0.0
finite_dl,F2,S2,social,38.23,61.77,-0.02,0.0975,1.515
finite_dl,F2,S2,display,0.0,100.0,-0.111,-0.0636,-0.0
finite_dl,F2,S2,video,0.0,273.29,0.319,-1.6232,-1.681
finite_dl,F2,S2,total,54.62,45.38,-0.286,-0.7268,0.536
finite_dl,F2,S3,tv,0.0,144.28,-0.293,0.6976,2.335
finite_dl,F2,S3,search,0.0,100.0,0.0,-0.0267,0.0
finite_dl,F2,S3,social,5.29,94.71,0.044,0.1694,1.849
finite_dl,F2,S3,display,31.6,68.4,0.277,-0.0457,0.316
finite_dl,F2,S3,video,0.0,273.14,0.262,-1.3528,-1.715
finite_dl,F2,S3,total,58.02,41.98,-0.245,-0.5582,0.575
finite_dl,F2,S4,tv,0.0,111.8,-0.622,-0.4426,-0.122
finite_dl,F2,S4,search,0.0,100.0,0.0,-0.0255,0.0
finite_dl,F2,S4,social,39.91,60.09,0.409,0.1055,1.506
finite_dl,F2,S4,display,17.65,82.35,0.13,-0.0526,0.176
finite_dl,F2,S4,video,39.33,60.67,0.601,-0.3277,0.398
finite_dl,F2,S4,total,40.51,59.49,-0.393,-0.743,0.399
finite_dl,F2,S5,tv,0.0,3746.31,-0.201,1.9667,37.678
finite_dl,F2,S5,search,0.0,100.0,0.0,-0.0068,0.0
finite_dl,F2,S5,social,0.0,1375.0,-0.117,0.435,14.432
finite_dl,F2,S5,display,67.7,32.3,0.13,-0.0049,0.677
finite_dl,F2,S5,video,0.0,2981.76,0.216,-2.0081,-28.293
finite_dl,F2,S5,total,0.0,228.76,-0.322,0.382,3.165
