week_id,date,year,quarter,week_of_year,scenario,net_sales_observed,spend_tv,impr_tv,spend_search,impr_search,spend_social,impr_social,spend_display,impr_display,spend_video,impr_video,promo,covid_index,dgs30,mobility_index,competitor_ishare,baseline_true,exog_effect_true,noise_true,media_contribution_pct_true,stc_tv_true,ltc_tv_true,stc_search_true,ltc_search_true,stc_social_true,ltc_social_true,stc_display_true,ltc_display_true,stc_video_true,ltc_video_true,brand_stock_tv_true,brand_stock_video_true,brand_stock_social_true
1,2020-01-06,2020,1,2,S3,12.5159,1.602865,0.0617,0.228387,0.0744,0.361849,0.0266,0.125651,0.0229,0.761545,0.0399,0.0,0.0198,1.1982,0.978,0.3358,10.4337,-0.2801,-0.3085,0.2134,0.3062,0.6145,0.3409,0.027,0.2565,0.2264,0.0722,0.0705,0.1587,0.598,7.5963,3.9997,1.1697
2,2020-01-13,2020,1,3,S3,11.7024,0.839942,0.0369,0.191962,0.0594,0.201726,0.0148,0.096515,0.0179,0.439889,0.0247,0.0,0.0,1.196,1.0067,0.3354,9.3397,-0.1829,-0.1775,0.2327,0.3513,0.5976,0.3401,0.0254,0.2584,0.2161,0.0927,0.0675,0.1934,0.5807,7.3865,3.8845,1.1163
3,2020-01-20,2020,1,4,S3,12.0436,0.956092,0.0419,0.195261,0.0604,0.238528,0.0168,0.100033,0.0185,0.482399,0.0256,0.0,0.0156,1.2595,0.9297,0.4017,9.7634,-0.3284,-0.1929,0.2326,0.4011,0.5853,0.3445,0.0251,0.2789,0.2103,0.1047,0.0659,0.2177,0.5682,7.2345,3.8004,1.0863
4,2020-01-27,2020,1,5,S3,12.6624,0.900137,0.0352,0.211297,0.0732,0.249905,0.0164,0.099654,0.0181,0.452203,0.0271,0.0,0.0,1.2949,1.0077,0.365,10.1511,-0.2161,-0.1288,0.2256,0.3953,0.5728,0.404,0.0257,0.2839,0.2063,0.1095,0.0648,0.2386,0.5553,7.0803,3.7142,1.0657
5,2020-02-03,2020,1,6,S3,12.8866,3.235619,0.1334,0.196245,0.0633,0.243519,0.0179,0.094316,0.0188,1.44256,0.0795,0.0,0.0234,1.2171,0.9095,0.3797,9.4946,-0.3407,0.1269,0.2798,0.879,0.6028,0.3708,0.0252,0.3006,0.2026,0.1142,0.0635,0.4595,0.5874,7.4516,3.9291,1.0466
6,2020-02-10,2020,1,7,S3,13.8815,3.549079,0.1368,0.210574,0.068,0.243067,0.017,0.09291,0.0191,1.323758,0.0798,0.05,0.015,1.2188,0.9543,0.3551,9.7147,0.1096,-0.0338,0.2947,1.1621,0.634,0.3857,0.0257,0.2994,0.1996,0.1174,0.0625,0.5932,0.6115,7.8368,4.0904,1.0308
7,2020-02-17,2020,1,8,S3,13.579,0.99856,0.0396,0.214013,0.0745,0.291599,0.0211,0.109387,0.0231,0.4524,0.0238,0.0,0.0364,1.2557,0.9817,0.364,10.1931,-0.3303,0.0393,0.2708,0.8357,0.6191,0.4182,0.026,0.3382,0.2002,0.1318,0.0636,0.4506,0.5934,7.6527,3.9695,1.0342
8,2020-02-24,2020,1,9,S3,13.098,1.02298,0.0368,0.212162,0.0743,0.305619,0.02,0.098563,0.0192,0.468373,0.0262,0.0,0.0146,1.2277,0.9986,0.3562,10.2107,-0.2567,-0.2449,0.2587,0.6423,0.6063,0.4241,0.026,0.3456,0.2016,0.1267,0.0632,0.3747,0.5785,7.4942,3.8695,1.0416
9,2020-03-02,2020,1,10,S3,10.7489,0.951452,0.0387,0.225354,0.0808,0.274922,0.0205,0.100743,0.0208,0.447393,0.0222,0.0,0.8186,1.3076,0.3628,0.3202,10.4772,-2.8794,-0.0923,0.3017,0.545,0.593,0.4549,0.0265,0.3536,0.2009,0.129,0.0632,0.3131,0.5641,7.3301,3.7731,1.0376
10,2020-03-09,2020,1,11,S3,10.8883,0.470119,0.0176,0.216143,0.0692,0.30523,0.023,0.113288,0.0202,0.204451,0.0114,0.0474,0.8487,1.1474,0.3493,0.3483,10.4133,-2.574,0.1175,0.2692,0.3871,0.567,0.4081,0.0263,0.381,0.2022,0.1284,0.0645,0.2333,0.5336,7.0085,3.569,1.0442
11,2020-03-16,2020,1,12,S3,11.2229,0.924082,0.0392,0.22078,0.0695,0.327431,0.0226,0.12148,0.0261,0.315545,0.0167,0.04,0.8266,1.2187,0.4075,0.3422,10.8045,-2.6209,0.119,0.2602,0.4076,0.5569,0.3998,0.0265,0.3898,0.2045,0.1466,0.0662,0.2066,0.5157,6.8844,3.4497,1.0565
12,2020-03-23,2020,1,13,S3,11.4511,1.422383,0.0503,0.258279,0.0816,0.382222,0.0255,0.13105,0.0272,0.58285,0.0328,0.04,0.8396,1.2209,0.3606,0.3358,11.2574,-2.8055,-0.1449,0.2746,0.4736,0.5591,0.4538,0.028,0.4213,0.2096,0.1593,0.0682,0.2546,0.5166,6.9115,3.4556,1.0827
13,2020-03-30,2020,1,14,S3,11.5781,1.42329,0.05,0.245132,0.0842,0.413829,0.0268,0.124854,0.0253,0.557817,0.0291,0.04,0.8802,1.144,0.3847,0.3592,11.1912,-2.8967,0.0323,0.2808,0.5082,0.5611,0.4765,0.028,0.4489,0.2155,0.1596,0.069,0.2686,0.516,6.9362,3.4517,1.113
14,2020-04-06,2020,2,15,S3,12.0241,1.50785,0.0552,0.242999,0.085,0.331665,0.0223,0.115736,0.0236,0.673996,0.0362,0.0522,0.8628,1.2318,0.3529,0.4119,11.0342,-2.7633,0.4398,0.2756,0.5534,0.5646,0.4845,0.0279,0.4177,0.2157,0.1545,0.0685,0.3051,0.5216,6.9793,3.489,1.1142
15,2020-04-13,2020,2,16,S3,11.0349,1.037507,0.04,0.221563,0.0736,0.344358,0.0223,0.114033,0.0231,0.497905,0.0272,0.0,0.836,1.2342,0.3811,0.3865,10.9568,-3.0866,-0.0035,0.2871,0.5027,0.5576,0.4342,0.0269,0.4035,0.2166,0.1502,0.068,0.2912,0.517,6.8926,3.4585,1.119
16,2020-04-20,2020,2,17,S3,11.2471,1.497133,0.0606,0.243286,0.0793,0.423212,0.0295,0.121351,0.0225,0.625791,0.0353,0.0,0.8297,1.2699,0.41,0.4152,11.1483,-3.1164,-0.1386,0.2982,0.577,0.5612,0.45,0.0276,0.4666,0.2217,0.1461,0.0685,0.3152,0.52,6.9374,3.4785,1.1453
17,2020-04-27,2020,2,18,S3,11.4762,1.493124,0.0536,0.250767,0.0764,0.36774,0.0276,0.12729,0.0251,0.642732,0.0369,0.0,0.8507,1.3356,0.3646,0.3994,11.3882,-3.2736,-0.0348,0.2959,0.583,0.5644,0.44,0.028,0.4767,0.2229,0.1525,0.0693,0.3359,0.5236,6.9769,3.502,1.1514
18,2020-05-04,2020,2,19,S3,11.6191,1.047503,0.0381,0.236742,0.0718,0.306703,0.0226,0.111276,0.0207,0.509192,0.0291,0.0,0.6257,1.2877,0.5107,0.4084,10.7565,-2.3672,0.0184,0.2764,0.5094,0.5577,0.417,0.0276,0.4325,0.2203,0.1416,0.0683,0.3175,0.5194,6.8933,3.4743,1.138
19,2020-05-11,2020,2,20,S3,11.7216,0.990267,0.0398,0.223139,0.0677,0.316042,0.0236,0.116936,0.0206,0.552894,0.0265,0.0,0.6366,1.2485,0.5204,0.3763,11.0829,-2.4392,-0.0302,0.2652,0.4777,0.5502,0.3934,0.0269,0.4228,0.2187,0.1359,0.0682,0.296,0.5182,6.801,3.4663,1.1299
20,2020-05-18,2020,2,21,S3,11.4316,1.003904,0.0384,0.23111,0.0705,0.286477,0.0201,0.120032,0.0223,0.46463,0.0249,0.0,0.6562,1.2972,0.5071,0.4061,10.9001,-2.4837,-0.0063,0.2643,0.4534,0.5438,0.4015,0.0271,0.3843,0.2156,0.1384,0.0685,0.2768,0.5121,6.7221,3.4253,1.1139
21,2020-05-25,2020,2,22,S3,12.49,1.573882,0.0601,0.281095,0.0841,0.39458,0.0267,0.138362,0.0252,0.758595,0.0443,0.08,0.6731,1.3525,0.4679,0.4113,11.4091,-1.9569,-0.2887,0.2663,0.5473,0.5503,0.4656,0.0291,0.431,0.2194,0.1489,0.0704,0.3425,0.5222,6.8026,3.4933,1.1332
22,2020-06-01,2020,2,23,S3,12.0044,0.954953,0.0339,0.203057,0.0665,0.309109,0.0215,0.102553,0.0199,0.515943,0.0249,0.0,0.4122,1.2712,0.6858,0.3862,10.7385,-1.6253,-0.1925,0.2569,0.4692,0.5427,0.3975,0.0265,0.4016,0.2176,0.1375,0.068,0.3044,0.5186,6.7087,3.4691,1.1238
23,2020-06-08,2020,2,24,S3,12.4126,0.5429,0.0198,0.231371,0.0826,0.265948,0.0177,0.110245,0.0224,0.243773,0.0142,0.0,0.3542,1.2745,0.7195,0.4097,11.0699,-1.5007,-0.0299,0.2315,0.3562,0.5242,0.4578,0.0269,0.3521,0.2134,0.1394,0.0673,0.239,0.497,6.4799,3.3244,1.102
24,2020-06-15,2020,2,25,S3,11.8183,0.521032,0.0191,0.207991,0.0735,0.27125,0.0184,0.103347,0.0202,0.22034,0.0118,0.0,0.4061,1.3479,0.7139,0.4105,10.7965,-1.6091,-0.0331,0.2254,0.2908,0.5068,0.4281,0.0261,0.3358,0.2102,0.1337,0.0662,0.1902,0.476,6.265,3.1836,1.086
25,2020-06-22,2020,2,26,S3,11.506,0.497375,0.0182,0.201023,0.0666,0.27726,0.018,0.104651,0.0181,0.218574,0.011,0.0,0.4014,1.3089,0.6996,0.3886,10.7054,-1.5813,-0.1132,0.2169,0.2504,0.4904,0.3907,0.0255,0.3255,0.2081,0.1239,0.0655,0.1578,0.4573,6.0616,3.0587,1.0748
26,2020-06-29,2020,2,27,S3,11.453,0.528833,0.0209,0.2136,0.0725,0.246192,0.0161,0.102266,0.0188,0.218991,0.0106,0.0,0.4083,1.3524,0.6881,0.3775,10.6598,-1.5954,-0.0354,0.2116,0.2415,0.4766,0.4101,0.0259,0.3016,0.2042,0.1215,0.0649,0.1369,0.4409,5.8918,2.9491,1.055
27,2020-07-06,2020,3,28,S3,13.4621,1.661813,0.0644,0.270447,0.0939,0.362553,0.0254,0.116977,0.0231,0.808424,0.0406,0.1,0.4323,1.3393,0.6736,0.3763,11.3422,-0.8707,0.0122,0.2212,0.452,0.4916,0.5121,0.0283,0.3806,0.2083,0.1337,0.066,0.2439,0.4619,6.0761,3.0897,1.0758
28,2020-07-13,2020,3,29,S3,12.1375,0.931894,0.0387,0.195124,0.0581,0.253377,0.0176,0.108052,0.0206,0.460743,0.0243,0.0,0.3587,1.3751,0.7354,0.4016,10.619,-1.433,0.1779,0.2285,0.4405,0.4893,0.3685,0.0259,0.3415,0.2049,0.1319,0.0658,0.2431,0.4623,6.0477,3.0923,1.0584
29,2020-07-20,2020,3,30,S3,11.6442,1.266623,0.0452,0.196813,0.0674,0.219599,0.0146,0.100373,0.0178,0.613532,0.0294,0.0,0.3882,1.2882,0.7212,0.4062,10.3702,-1.4904,-0.0198,0.2391,0.4666,0.495,0.3824,0.0253,0.2943,0.1998,0.1221,0.0648,0.2628,0.4712,6.1182,3.152,1.0319
30,2020-07-27,2020,3,31,S3,11.5219,1.313132,0.0503,0.183805,0.0543,0.197022,0.013,0.105093,0.0192,0.524811,0.0303,0.0,0.4118,1.3394,0.6711,0.3833,10.2557,-1.5616,0.0798,0.2385,0.506,0.5011,0.3251,0.0245,0.2584,0.1939,0.1217,0.0647,0.2784,0.4742,6.1939,3.1722,1.0015
31,2020-08-03,2020,3,32,S3,11.8822,1.022855,0.0391,0.193132,0.0594,0.191725,0.0134,0.091963,0.0172,0.507832,0.0243,0.0,0.2684,1.3495,0.7779,0.3991,10.4395,-1.1359,-0.1083,0.2261,0.4724,0.5001,0.337,0.0247,0.2461,0.1887,0.1151,0.0632,0.2637,0.4759,6.1813,3.1835,0.9745
32,2020-08-10,2020,3,33,S3,11.3644,0.977091,0.0389,0.182162,0.0566,0.197425,0.0138,0.086798,0.0152,0.424279,0.0208,0.0,0.3295,1.2992,0.775,0.4091,9.8715,-1.2333,0.1144,0.2298,0.453,0.498,0.3267,0.0243,0.2441,0.1848,0.1057,0.0616,0.2412,0.4724,6.1563,3.1597,0.9546
33,2020-08-17,2020,3,34,S3,12.1164,1.208522,0.0486,0.201964,0.0626,0.224455,0.0146,0.098834,0.0181,0.555758,0.0269,0.06,0.3074,1.2818,0.7612,0.4091,10.0666,-0.7297,0.0751,0.2232,0.4902,0.5016,0.3521,0.025,0.251,0.1836,0.11,0.0619,0.2519,0.477,6.2003,3.1906,0.9486
34,2020-08-24,2020,3,35,S3,12.0891,1.26755,0.0472,0.19801,0.0656,0.223748,0.0147,0.091845,0.0169,0.531987,0.0295,0.06,0.3169,1.3943,0.734,0.4266,9.9299,-0.7757,0.1732,0.2284,0.5039,0.5061,0.3709,0.0251,0.2551,0.1826,0.1085,0.0613,0.2684,0.4797,6.2558,3.2089,0.9434
35,2020-08-31,2020,3,36,S3,12.365,1.171956,0.047,0.184626,0.0579,0.208526,0.0153,0.095814,0.0194,0.5812,0.033,0.06,0.2886,1.3425,0.7924,0.4198,10.1096,-0.6666,0.1427,0.2248,0.5104,0.508,0.3392,0.0245,0.2622,0.1807,0.1156,0.0614,0.2925,0.4848,6.2797,3.2431,0.9334
36,2020-09-07,2020,3,37,S3,12.5356,0.866922,0.0361,0.213229,0.0735,0.244304,0.0168,0.111792,0.0231,0.361493,0.0185,0.07,0.3163,1.3289,0.7721,0.3728,10.3002,-0.6558,0.1177,0.2212,0.46,0.5024,0.4044,0.0256,0.2802,0.1817,0.1307,0.0632,0.2491,0.4761,6.2104,3.1846,0.9384
37,2020-09-14,2020,3,38,S3,10.6787,0.400074,0.0145,0.170317,0.0501,0.161057,0.0102,0.083597,0.0146,0.152359,0.008,0.0,0.3214,1.3752,0.7284,0.4248,9.5719,-1.221,-0.0197,0.2198,0.3248,0.4829,0.3102,0.024,0.2243,0.1762,0.1114,0.0612,0.1815,0.4511,5.9689,3.0171,0.9099
38,2020-09-21,2020,3,39,S3,10.5058,0.40216,0.0157,0.16615,0.0551,0.143283,0.0108,0.081507,0.0153,0.150941,0.008,0.0,0.3047,1.4364,0.7761,0.3787,9.3849,-1.0962,0.049,0.2064,0.2567,0.4654,0.3146,0.0233,0.205,0.1701,0.1039,0.0597,0.1406,0.4289,5.7525,2.8688,0.8786
39,2020-09-28,2020,3,40,S3,10.5044,0.396225,0.0155,0.149826,0.0503,0.152062,0.0097,0.086379,0.0168,0.149226,0.0073,0.0,0.3047,1.266,0.7862,0.4083,9.3735,-1.104,0.2127,0.1925,0.2183,0.4494,0.2933,0.0223,0.186,0.1659,0.1051,0.0592,0.1135,0.4092,5.5549,2.737,0.857
40,2020-10-05,2020,4,41,S3,10.2546,0.888361,0.0346,0.167915,0.0522,0.14719,0.0108,0.089649,0.0169,0.472805,0.0246,0.0,0.4554,1.3252,0.6659,0.3867,9.8352,-1.6108,-0.1304,0.2107,0.2915,0.4502,0.2978,0.0229,0.1882,0.162,0.106,0.0594,0.166,0.4166,5.5649,2.7867,0.837
41,2020-10-12,2020,4,42,S3,10.8568,0.973507,0.0352,0.168814,0.0533,0.15625,0.0107,0.091802,0.0194,0.486706,0.027,0.0414,0.4327,1.3539,0.6881,0.3749,9.9309,-1.2163,-0.1257,0.2089,0.3351,0.4531,0.3038,0.0231,0.1882,0.1597,0.1141,0.0597,0.2072,0.424,5.6004,2.836,0.8247
42,2020-10-19,2020,4,43,S3,10.7247,0.911651,0.0365,0.161101,0.0532,0.167864,0.0117,0.089383,0.0162,0.471043,0.0257,0.0,0.447,1.4731,0.6366,0.3447,9.9715,-1.6105,0.0363,0.217,0.3652,0.4541,0.3044,0.0228,0.1981,0.1587,0.1082,0.0596,0.2268,0.4295,5.6133,2.8732,0.8196
43,2020-10-26,2020,4,44,S3,10.6719,0.892022,0.0328,0.162863,0.0518,0.156034,0.0119,0.094763,0.0194,0.425623,0.0247,0.0,0.4469,1.4141,0.6714,0.375,9.8235,-1.5769,0.0831,0.2195,0.3636,0.4545,0.2983,0.0228,0.2046,0.1569,0.1155,0.0602,0.2343,0.4316,5.6186,2.8872,0.8104
44,2020-11-02,2020,4,45,S3,11.0659,0.890583,0.0318,0.173928,0.0613,0.160753,0.0103,0.087158,0.0159,0.448075,0.0257,0.0567,0.4577,1.4584,0.6507,0.3447,10.044,-1.1824,-0.1648,0.2141,0.3575,0.4549,0.3406,0.0233,0.1914,0.1558,0.1081,0.0597,0.243,0.4349,5.623,2.9089,0.8048
45,2020-11-09,2020,4,46,S3,11.1357,0.939512,0.0354,0.184191,0.0588,0.181418,0.0127,0.09214,0.0178,0.495111,0.0288,0.0456,0.47,1.363,0.6378,0.3926,10.0685,-1.3448,-0.015,0.2179,0.3723,0.4565,0.3373,0.0239,0.209,0.1566,0.1103,0.0599,0.2605,0.4406,5.6423,2.9468,0.809
46,2020-11-16,2020,4,47,S3,10.9568,0.923335,0.0365,0.172148,0.0598,0.175015,0.0112,0.097086,0.0198,0.435986,0.0223,0.0,0.4288,1.364,0.6958,0.4009,10.1172,-1.5742,-0.0188,0.222,0.386,0.4575,0.3414,0.0236,0.2021,0.1568,0.1178,0.0606,0.2449,0.442,5.6546,2.9564,0.8098
47,2020-11-23,2020,4,48,S3,14.9152,2.600799,0.0971,0.334788,0.1182,0.52071,0.038,0.154774,0.0335,1.214802,0.0635,0.18,0.4475,1.4424,0.694,0.3518,11.9496,-0.1609,-0.4431,0.2393,0.6937,0.49,0.6096,0.0299,0.4584,0.1775,0.1646,0.0668,0.3996,0.4796,6.0567,3.2078,0.9166
48,2020-11-30,2020,4,49,S3,15.14,2.247931,0.0891,0.296208,0.1072,0.498749,0.0326,0.134089,0.0248,1.170959,0.0635,0.18,0.4796,1.4229,0.6762,0.3709,11.5334,-0.2776,-0.0439,0.2595,0.8234,0.5138,0.6127,0.0305,0.5213,0.1934,0.1606,0.0689,0.4926,0.511,6.3507,3.418,0.9988
49,2020-12-07,2020,4,50,S3,11.6945,0.5018,0.0201,0.194803,0.0675,0.190249,0.0124,0.09822,0.0207,0.204518,0.0115,0.0,0.4351,1.4674,0.6999,0.3475,10.2034,-1.5676,-0.0315,0.2642,0.5527,0.4968,0.4315,0.0266,0.3539,0.1881,0.1457,0.0666,0.3413,0.4869,6.1406,3.2566,0.9717
50,2020-12-14,2020,4,51,S3,11.1484,0.501416,0.0197,0.185916,0.0645,0.198037,0.0138,0.090084,0.0196,0.181947,0.0097,0.0,0.4336,1.4306,0.6726,0.3464,10.0721,-1.5649,-0.0321,0.2398,0.4019,0.4815,0.3817,0.025,0.2929,0.1844,0.1347,0.0642,0.2433,0.4635,5.9514,3.1004,0.9525
51,2020-12-21,2020,4,52,S3,15.5773,2.458393,0.1013,0.34701,0.1198,0.556671,0.042,0.148364,0.028,1.108519,0.0575,0.15,0.454,1.4539,0.6665,0.3715,12.0856,-0.5134,0.2832,0.2389,0.7236,0.5094,0.6251,0.0308,0.5373,0.2018,0.1559,0.0685,0.375,0.4945,6.297,3.3074,1.0422
52,2020-12-28,2020,4,53,S3,12.1503,0.460379,0.0199,0.191199,0.0684,0.211854,0.0145,0.089944,0.0185,0.173829,0.0089,0.15,0.4669,1.4479,0.6652,0.3522,9.8703,-0.4406,-0.2432,0.2439,0.4968,0.4914,0.4385,0.0265,0.3822,0.1966,0.1364,0.0654,0.2606,0.4694,6.0744,3.1399,1.0157
53,2021-01-04,2021,1,1,S3,11.7677,1.71382,0.0697,0.260435,0.0941,0.340867,0.0241,0.121652,0.0249,0.79536,0.0438,0.0,0.5002,1.5789,0.6273,0.3848,10.4915,-1.8671,-0.1649,0.2811,0.6192,0.5058,0.5188,0.0281,0.4049,0.2008,0.1468,0.0668,0.3306,0.4864,6.2525,3.2536,1.0372
54,2021-01-11,2021,1,2,S3,10.4959,1.000962,0.0435,0.191555,0.0643,0.238262,0.0157,0.094775,0.02,0.419501,0.022,0.0,0.5266,1.5804,0.6077,0.3373,9.8374,-1.8029,-0.5224,0.2843,0.5561,0.5038,0.3981,0.0257,0.3337,0.1977,0.1367,0.0649,0.2858,0.4813,6.2275,3.2194,1.0214
55,2021-01-18,2021,1,3,S3,10.8974,0.950323,0.039,0.196357,0.072,0.229372,0.0167,0.103199,0.0194,0.430684,0.024,0.0,0.5171,1.459,0.6286,0.364,9.9051,-1.7912,-0.0962,0.2643,0.4992,0.5007,0.4095,0.0252,0.3116,0.1946,0.1297,0.0645,0.2672,0.4775,6.1897,3.194,1.0051
56,2021-01-25,2021,1,4,S3,11.1589,1.02336,0.0409,0.207074,0.0685,0.265362,0.0201,0.096308,0.0203,0.48026,0.0271,0.0,0.5168,1.4276,0.6112,0.3429,10.222,-1.8491,-0.0791,0.2568,0.4775,0.4998,0.3956,0.0255,0.3343,0.1945,0.129,0.0635,0.2682,0.4772,6.1777,3.1919,1.0045
57,2021-02-01,2021,1,5,S3,11.8645,3.870639,0.1446,0.212283,0.0671,0.253849,0.0198,0.109603,0.0236,1.433642,0.0753,0.0,0.5111,1.6301,0.6021,0.3539,10.1457,-1.8347,-0.102,0.3081,0.98,0.5453,0.3864,0.0259,0.342,0.1936,0.1391,0.0644,0.4606,0.5184,6.7403,3.4674,1.0
58,2021-02-08,2021,1,6,S3,13.1653,3.958884,0.1777,0.19975,0.0705,0.275541,0.0193,0.114114,0.0242,1.602094,0.0927,0.0,0.5466,1.6394,0.5818,0.3262,10.5622,-2.0033,0.2215,0.3331,1.4205,0.5873,0.4003,0.0254,0.3401,0.1943,0.1459,0.0653,0.6455,0.5602,7.2601,3.7475,1.0038
59,2021-02-15,2021,1,7,S3,12.8983,0.969576,0.0387,0.212931,0.0686,0.276359,0.0184,0.100001,0.0217,0.466463,0.027,0.05,0.4959,1.529,0.6408,0.3313,10.3533,-1.3727,0.1721,0.2904,0.9731,0.5764,0.3942,0.0258,0.331,0.195,0.1416,0.0645,0.4949,0.5492,7.1249,3.6734,1.0071
60,2021-02-22,2021,1,8,S3,13.089,0.947546,0.0392,0.221438,0.0843,0.310783,0.0251,0.103165,0.022,0.528599,0.0313,0.058,0.4599,1.487,0.6551,0.3272,10.7763,-1.2483,0.0156,0.2709,0.7296,0.566,0.4651,0.0263,0.3917,0.1977,0.1402,0.0643,0.4216,0.5431,6.9965,3.6325,1.0209
61,2021-03-01,2021,1,9,S3,12.8395,0.91352,0.0416,0.233249,0.0897,0.296875,0.0208,0.101908,0.0229,0.509898,0.029,0.0352,0.3321,1.625,0.7577,0.31,10.5075,-0.9757,-0.0741,0.2634,0.6075,0.5558,0.5038,0.027,0.3773,0.199,0.1424,0.064,0.3685,0.5366,6.8703,3.5893,1.0279
62,2021-03-08,2021,1,10,S3,12.8902,0.53897,0.0234,0.225663,0.0765,0.304534,0.0207,0.119642,0.0265,0.220219,0.0125,0.0,0.2908,1.6665,0.7953,0.3374,10.8328,-1.1844,0.2052,0.2356,0.4503,0.5359,0.451,0.0269,0.3696,0.2006,0.1549,0.0657,0.2709,0.5108,6.6238,3.4167,1.036
63,2021-03-15,2021,1,11,S3,13.1175,0.889674,0.0399,0.228845,0.0774,0.3373,0.0273,0.110279,0.0232,0.333541,0.0186,0.04,0.3022,1.7099,0.7659,0.3346,10.9982,-0.9056,-0.004,0.2309,0.4455,0.5281,0.4448,0.0269,0.4297,0.2038,0.1508,0.0658,0.2365,0.497,6.5273,3.3243,1.0528
64,2021-03-22,2021,1,12,S3,13.7474,1.525698,0.0672,0.284598,0.0953,0.408024,0.0328,0.129566,0.025,0.558314,0.0327,0.04,0.3262,1.6458,0.7705,0.331,11.5422,-1.0131,-0.1637,0.246,0.5782,0.5352,0.5255,0.0292,0.5104,0.2104,0.1545,0.0678,0.2719,0.4988,6.6157,3.3364,1.0869
65,2021-03-29,2021,1,13,S3,14.0241,1.577969,0.0688,0.264861,0.1041,0.388417,0.0278,0.127976,0.0292,0.584376,0.0358,0.04,0.268,1.6014,0.8066,0.3476,11.6236,-0.8289,-0.3432,0.2548,0.6595,0.5427,0.5821,0.0291,0.4985,0.2148,0.1696,0.069,0.3058,0.5018,6.7078,3.3565,1.1093
66,2021-04-05,2021,2,14,S3,13.4893,1.609116,0.0686,0.224684,0.0769,0.352702,0.0256,0.123984,0.0275,0.64567,0.0349,0.0,0.275,1.6153,0.7691,0.3436,11.2875,-1.2172,-0.0883,0.26,0.7028,0.55,0.4685,0.0274,0.4712,0.2164,0.1716,0.0694,0.3224,0.5076,6.7982,3.3956,1.1175
67,2021-04-12,2021,2,15,S3,13.9066,1.104562,0.046,0.222902,0.0823,0.31834,0.0261,0.116549,0.0226,0.543739,0.0326,0.0385,0.268,1.6606,0.8279,0.3051,11.1206,-0.7591,0.1509,0.2441,0.6147,0.546,0.4706,0.0269,0.4637,0.2156,0.1571,0.0689,0.3233,0.5074,6.7489,3.3937,1.1138
68,2021-04-19,2021,2,16,S3,13.6456,0.983128,0.0459,0.218076,0.082,0.30124,0.0212,0.116674,0.0227,0.540989,0.0291,0.0,0.2841,1.645,0.7769,0.3181,11.1279,-1.2014,0.4553,0.2392,0.5655,0.5395,0.4695,0.0265,0.4132,0.214,0.1504,0.0685,0.3097,0.507,6.669,3.391,1.1055
69,2021-04-26,2021,2,17,S3,13.9804,1.405876,0.0634,0.247328,0.0963,0.40685,0.0304,0.140784,0.0286,0.750649,0.0466,0.0,0.3088,1.6092,0.7353,0.2964,11.7819,-1.3686,0.0123,0.2543,0.6257,0.5431,0.5348,0.0276,0.4798,0.2187,0.1655,0.0707,0.3713,0.5174,6.7135,3.4606,1.1297
70,2021-05-03,2021,2,18,S3,13.0906,1.104884,0.0507,0.230256,0.0762,0.301775,0.021,0.11015,0.0245,0.54897,0.0318,0.0,0.3105,1.8024,0.7462,0.3077,11.1979,-1.3032,-0.1531,0.2558,0.5957,0.5398,0.4562,0.0272,0.4189,0.2166,0.1602,0.069,0.3492,0.5162,6.6728,3.4528,1.1186
71,2021-05-10,2021,2,19,S3,12.833,1.094018,0.0458,0.237538,0.094,0.298355,0.0209,0.120355,0.0258,0.545539,0.0318,0.0,0.3055,1.7893,0.7504,0.2937,10.9959,-1.2532,-0.237,0.2593,0.5546,0.5366,0.5216,0.0274,0.3906,0.2146,0.1617,0.069,0.336,0.515,6.6331,3.4447,1.1085
72,2021-05-17,2021,2,20,S3,13.1974,1.119143,0.049,0.234834,0.0801,0.31848,0.0226,0.105655,0.0237,0.486416,0.0268,0.0,0.2717,1.7568,0.7972,0.3368,11.0033,-1.1484,0.1104,0.2449,0.5482,0.5343,0.4712,0.0274,0.3946,0.2142,0.1558,0.0675,0.3084,0.5105,6.6045,3.415,1.1065
73,2021-05-24,2021,2,21,S3,14.3843,1.68991,0.0709,0.248877,0.0887,0.385317,0.0291,0.129285,0.0296,0.811846,0.0515,0.08,0.2538,1.654,0.8042,0.3105,11.5724,-0.3905,-0.3529,0.2472,0.6533,0.544,0.5004,0.0279,0.4583,0.2177,0.1714,0.0689,0.39,0.5234,6.7241,3.5007,1.1246
74,2021-05-31,2021,2,22,S3,15.1513,1.71633,0.0771,0.274308,0.0961,0.428748,0.0342,0.13922,0.0303,0.778544,0.0424,0.08,0.3011,1.7428,0.7674,0.2979,11.7926,-0.5631,0.1101,0.2516,0.7418,0.5532,0.5403,0.0291,0.5365,0.2229,0.1813,0.0708,0.4028,0.5331,6.8377,3.5659,1.1513
75,2021-06-07,2021,2,23,S3,14.0766,0.554412,0.026,0.211205,0.0743,0.310827,0.0235,0.116114,0.0243,0.23277,0.0136,0.0,0.0906,1.772,0.9445,0.3253,11.1553,-0.5199,0.1635,0.2328,0.5371,0.534,0.4484,0.0269,0.4689,0.2206,0.1674,0.0697,0.296,0.5088,6.6007,3.4034,1.1392
76,2021-06-14,2021,2,24,S3,13.7938,0.569055,0.0222,0.23844,0.0815,0.289558,0.0239,0.116323,0.0254,0.241385,0.014,0.0,0.1092,1.7621,0.9249,0.2574,11.227,-0.5473,0.0873,0.2194,0.4056,0.5172,0.463,0.0273,0.4417,0.2173,0.1641,0.0691,0.2333,0.4881,6.3932,3.2652,1.1225
77,2021-06-21,2021,2,25,S3,13.2056,0.534526,0.0247,0.204325,0.0797,0.279281,0.0206,0.105649,0.022,0.221831,0.0131,0.0,0.114,1.8025,0.9208,0.2601,10.983,-0.5541,-0.0439,0.2136,0.3455,0.501,0.4574,0.0261,0.3974,0.214,0.1515,0.0675,0.1921,0.4683,6.1926,3.1324,1.1054
78,2021-06-28,2021,2,26,S3,13.6713,0.568929,0.0262,0.218636,0.0885,0.272064,0.0223,0.107921,0.0239,0.221936,0.0145,0.0347,0.1028,1.7718,0.9311,0.316,11.0285,-0.2474,0.113,0.2031,0.3198,0.4875,0.4969,0.0263,0.3943,0.2108,0.1514,0.0668,0.1728,0.4508,6.0259,3.0156,1.089
79,2021-07-05,2021,3,27,S3,15.2688,1.751566,0.0802,0.252122,0.0909,0.400754,0.0304,0.123473,0.0271,0.746114,0.0441,0.1,0.1152,1.817,0.9259,0.3012,11.6349,0.3165,0.0342,0.215,0.5737,0.503,0.5159,0.0277,0.4709,0.2158,0.1613,0.0679,0.2793,0.4678,6.2174,3.1288,1.1145
80,2021-07-12,2021,3,28,S3,13.1037,0.989978,0.0384,0.209267,0.0785,0.233352,0.0195,0.105478,0.0212,0.464361,0.0288,0.0,0.1046,1.8118,0.8794,0.3051,10.7721,-0.5828,-0.1556,0.2343,0.5061,0.501,0.4626,0.0264,0.4,0.2097,0.1477,0.0667,0.2822,0.4677,6.1926,3.1282,1.083
81,2021-07-19,2021,3,29,S3,13.4434,1.012908,0.0421,0.197157,0.0774,0.215605,0.0171,0.102457,0.0203,0.491606,0.03,0.0,0.1106,1.797,0.9098,0.2738,10.6507,-0.5464,0.3701,0.2209,0.4871,0.4997,0.4472,0.0254,0.3448,0.2034,0.1379,0.0657,0.2887,0.4692,6.1772,3.1384,1.0506
82,2021-07-26,2021,3,30,S3,12.7578,1.224083,0.0509,0.199531,0.0768,0.211957,0.017,0.096426,0.0213,0.607483,0.0348,0.0,0.0859,1.6908,0.892,0.3004,10.3284,-0.4972,-0.0703,0.2349,0.5204,0.5035,0.4413,0.0253,0.3194,0.198,0.1361,0.0643,0.3118,0.477,6.2233,3.1905,1.0226
83,2021-08-02,2021,3,31,S3,12.7274,0.915219,0.0354,0.17986,0.0672,0.202697,0.015,0.094603,0.0198,0.482987,0.0285,0.0,0.0964,1.8242,0.9284,0.3415,10.2536,-0.516,0.1552,0.2227,0.462,0.4996,0.3959,0.0243,0.2887,0.1928,0.1306,0.0632,0.3005,0.4769,6.175,3.1899,0.9961
84,2021-08-09,2021,3,32,S3,11.944,0.907529,0.042,0.195361,0.0767,0.18113,0.013,0.091833,0.0204,0.468597,0.0301,0.0,0.1039,1.7922,0.922,0.3187,10.1243,-0.5199,-0.4837,0.2364,0.4622,0.4958,0.4304,0.0248,0.2553,0.187,0.1297,0.0622,0.3,0.4759,6.1291,3.1836,0.9658
85,2021-08-16,2021,3,33,S3,13.3419,1.142842,0.0442,0.200709,0.079,0.24061,0.02,0.099317,0.0231,0.583173,0.0375,0.06,0.1164,1.756,0.9336,0.3066,10.1854,-0.049,0.2553,0.2211,0.4736,0.4981,0.4478,0.0251,0.3079,0.1866,0.1379,0.0624,0.3293,0.4816,6.1576,3.2216,0.9636
86,2021-08-23,2021,3,34,S3,13.73,1.339846,0.0603,0.211347,0.0703,0.217654,0.0154,0.097122,0.0196,0.596577,0.0374,0.06,0.0921,1.9041,0.9547,0.2956,10.399,0.0375,0.2938,0.2185,0.5594,0.5045,0.4116,0.0257,0.287,0.1846,0.1309,0.0622,0.3465,0.4873,6.2363,3.2598,0.9535
87,2021-08-30,2021,3,35,S3,13.1509,1.206675,0.0498,0.20769,0.0771,0.23932,0.0168,0.105847,0.0239,0.560516,0.0351,0.06,0.1104,1.9064,0.9212,0.2978,10.1419,-0.0383,0.006,0.2313,0.5544,0.5074,0.4355,0.0257,0.2918,0.1845,0.1411,0.0631,0.3474,0.4904,6.2718,3.2804,0.9531
88,2021-09-06,2021,3,36,S3,13.151,0.93597,0.0401,0.223721,0.0731,0.238495,0.0185,0.105604,0.0226,0.39147,0.0224,0.07,0.1947,1.928,0.844,0.2646,10.3193,-0.217,0.1118,0.2233,0.5039,0.5036,0.4218,0.0264,0.3104,0.1844,0.142,0.0636,0.2978,0.483,6.2251,3.2309,0.9524
89,2021-09-13,2021,3,37,S3,11.7233,0.465169,0.02,0.164126,0.0534,0.147401,0.0107,0.085379,0.018,0.167532,0.0105,0.0,0.1976,1.8728,0.8615,0.314,9.8911,-0.7847,0.1117,0.2137,0.3765,0.4864,0.3291,0.0239,0.2434,0.1772,0.1279,0.0617,0.2203,0.4587,6.0118,3.0683,0.9154
90,2021-09-20,2021,3,38,S3,11.1513,0.423423,0.0164,0.163872,0.0624,0.145041,0.0111,0.09254,0.0207,0.178674,0.0097,0.0,0.2166,1.9275,0.827,0.3276,9.8204,-0.8607,-0.1286,0.2081,0.2883,0.4693,0.3518,0.0232,0.2167,0.1711,0.1295,0.0613,0.1707,0.4384,5.8011,2.9326,0.8839
91,2021-09-27,2021,3,39,S3,11.451,0.420791,0.019,0.162168,0.0549,0.146435,0.0118,0.094414,0.0215,0.17907,0.0111,0.0,0.1601,1.8606,0.8799,0.2811,9.8041,-0.6521,0.1094,0.1912,0.2525,0.4539,0.3219,0.0229,0.2111,0.1662,0.1327,0.0612,0.1464,0.4206,5.6102,2.8134,0.8587
92,2021-10-04,2021,4,40,S3,11.302,0.975029,0.037,0.163294,0.0565,0.14807,0.011,0.086093,0.0185,0.459778,0.0291,0.0,0.1741,1.9101,0.8892,0.3014,9.8553,-0.6945,-0.1617,0.2038,0.3226,0.4564,0.3229,0.0228,0.2011,0.1624,0.125,0.0602,0.2035,0.4259,5.6416,2.8487,0.8388
93,2021-10-11,2021,4,41,S3,11.4147,0.895029,0.0382,0.172399,0.0584,0.142971,0.0116,0.085024,0.0162,0.481443,0.0259,0.0,0.1704,1.8453,0.8611,0.2937,9.8698,-0.704,-0.1218,0.2077,0.367,0.4567,0.3321,0.0232,0.2025,0.1588,0.1138,0.0594,0.2252,0.4318,5.6451,2.8885,0.8202
94,2021-10-18,2021,4,42,S3,12.0631,1.005011,0.0405,0.186786,0.0713,0.153949,0.0106,0.084293,0.0171,0.445914,0.0268,0.0,0.1533,1.9198,0.9011,0.2999,10.0037,-0.6426,0.2254,0.2053,0.4029,0.4597,0.3929,0.024,0.1937,0.1568,0.111,0.0589,0.2419,0.4349,5.6821,2.9092,0.8099
95,2021-10-25,2021,4,43,S3,11.6941,0.868538,0.0329,0.182929,0.0679,0.148527,0.0101,0.083155,0.0176,0.478333,0.0279,0.0,0.1864,1.903,0.8737,0.3227,9.7806,-0.744,0.1949,0.2106,0.3847,0.4589,0.3898,0.0241,0.185,0.1547,0.1112,0.0583,0.2563,0.4396,5.673,2.9404,0.799
96,2021-11-01,2021,4,44,S3,11.6534,0.957501,0.0434,0.173235,0.0659,0.159154,0.011,0.094779,0.0216,0.472234,0.0248,0.0307,0.215,1.8749,0.8197,0.2824,9.8803,-0.5987,-0.1413,0.2156,0.4267,0.4606,0.3797,0.0237,0.1897,0.1539,0.1237,0.0593,0.2525,0.4433,5.6928,2.9655,0.7948
97,2021-11-08,2021,4,45,S3,11.5148,0.984423,0.0373,0.178886,0.061,0.16533,0.012,0.09923,0.02,0.480554,0.0252,0.0,0.1943,1.9374,0.8738,0.339,9.9463,-0.7859,-0.1467,0.2172,0.4199,0.4627,0.3551,0.0238,0.2013,0.1537,0.1251,0.0605,0.2519,0.4471,5.7189,2.991,0.794
98,2021-11-15,2021,4,46,S3,11.5705,0.905471,0.0366,0.188394,0.0597,0.171418,0.0124,0.086634,0.0193,0.474947,0.0259,0.0,0.204,1.936,0.861,0.3446,10.0338,-0.8306,-0.1291,0.2158,0.4127,0.4626,0.3443,0.0243,0.2105,0.1541,0.1237,0.0598,0.2543,0.4502,5.7179,3.0111,0.796
99,2021-11-22,2021,4,47,S3,16.4469,2.565723,0.1007,0.341031,0.1161,0.505161,0.0336,0.152447,0.0309,1.303968,0.081,0.18,0.2218,2.0299,0.8357,0.3272,11.9988,0.6656,0.1465,0.2211,0.7266,0.4941,0.6005,0.0303,0.4194,0.1745,0.1594,0.0661,0.475,0.49,6.1072,3.2778,0.9015
100,2021-11-29,2021,4,48,S3,16.4445,2.834812,0.1242,0.301387,0.1016,0.485744,0.0372,0.135169,0.0262,1.320944,0.0734,0.18,0.2266,1.9847,0.8148,0.2855,11.7624,0.6519,-0.2,0.2572,1.0155,0.5264,0.5854,0.0308,0.5481,0.1903,0.1625,0.0685,0.5769,0.5257,6.5067,3.5166,0.9832
101,2021-12-06,2021,4,49,S3,12.6169,0.457894,0.0185,0.186717,0.0587,0.183603,0.0145,0.09802,0.0202,0.185507,0.0095,0.0,0.1986,1.9806,0.8339,0.3181,10.1429,-0.832,0.0713,0.2564,0.6501,0.5066,0.386,0.0263,0.3871,0.1851,0.1451,0.0663,0.3841,0.4981,6.262,3.3315,0.9562
102,2021-12-13,2021,4,50,S3,12.4098,0.496361,0.0194,0.203599,0.0678,0.203547,0.0145,0.104138,0.0219,0.211088,0.0109,0.0,0.2271,1.9924,0.8189,0.3656,10.4201,-0.9711,0.1494,0.2265,0.4538,0.4901,0.3877,0.0257,0.3144,0.1824,0.1419,0.0656,0.2738,0.4761,6.0585,3.1844,0.942
103,2021-12-20,2021,4,51,S3,16.5067,2.433155,0.0989,0.336225,0.1282,0.626687,0.0467,0.153147,0.0339,1.122115,0.0682,0.15,0.2018,1.9822,0.8595,0.2884,12.091,0.4956,-0.0176,0.2386,0.7401,0.5168,0.6649,0.0306,0.5925,0.2032,0.1781,0.0699,0.4355,0.506,6.3886,3.3849,1.0495
104,2021-12-27,2021,4,52,S3,13.6886,0.444498,0.0192,0.188315,0.0596,0.236351,0.0176,0.090216,0.02,0.180025,0.0103,0.15,0.1833,1.9699,0.8434,0.34,10.0048,0.4128,0.202,0.2242,0.5021,0.4975,0.4061,0.0263,0.4363,0.1995,0.1523,0.0663,0.3021,0.4802,6.1498,3.2121,1.0307
105,2022-01-03,2022,1,1,S3,13.3568,1.708079,0.072,0.266384,0.0932,0.387728,0.0307,0.120903,0.0245,0.825748,0.0476,0.0331,0.2381,2.1659,0.8302,0.3264,10.6734,-0.7245,-0.0609,0.2597,0.6333,0.5112,0.5079,0.0283,0.4931,0.2058,0.1536,0.0673,0.3709,0.4973,6.319,3.3264,1.0631
106,2022-01-10,2022,1,2,S3,12.1061,0.979123,0.0364,0.209134,0.078,0.234923,0.0164,0.107035,0.0198,0.451399,0.027,0.0,0.2204,2.2124,0.8099,0.3691,9.9574,-0.9418,-0.0428,0.2588,0.5291,0.5081,0.4587,0.0265,0.3804,0.2016,0.1394,0.0665,0.3299,0.4929,6.2808,3.2968,1.0414
107,2022-01-17,2022,1,3,S3,11.7544,0.917532,0.0402,0.208668,0.0698,0.243596,0.0181,0.095997,0.0201,0.462671,0.0246,0.0,0.2322,2.1827,0.8217,0.3425,9.9303,-0.9404,-0.1954,0.2518,0.4903,0.5038,0.4114,0.026,0.3463,0.1988,0.1332,0.0648,0.2957,0.4897,6.2274,3.2753,1.0267
108,2022-01-24,2022,1,4,S3,12.458,1.032616,0.0392,0.216995,0.0673,0.255043,0.0192,0.099941,0.0195,0.449767,0.0259,0.0,0.2428,2.1575,0.8201,0.3671,10.3998,-1.0265,0.2034,0.2313,0.4642,0.5027,0.3906,0.0262,0.3415,0.1972,0.1282,0.0641,0.2805,0.486,6.2144,3.2511,1.0187
109,2022-01-31,2022,1,5,S3,12.3474,0.964159,0.0346,0.207448,0.0736,0.291317,0.0226,0.102479,0.0195,0.473545,0.0268,0.0,0.2661,2.2456,0.8493,0.3733,10.7227,-1.109,-0.1533,0.2338,0.4268,0.5001,0.4153,0.0258,0.3719,0.1983,0.1257,0.064,0.2748,0.4843,6.1821,3.2394,1.0242
110,2022-02-07,2022,1,6,S3,12.7338,3.34012,0.1456,0.200387,0.0669,0.282146,0.0204,0.105152,0.0227,1.577038,0.0938,0.0,0.2844,2.4596,0.7591,0.4016,10.131,-1.2062,0.07,0.2936,0.9569,0.5388,0.3893,0.0254,0.364,0.1986,0.1344,0.0642,0.538,0.5294,6.6604,3.5414,1.0258
111,2022-02-14,2022,1,7,S3,14.4232,3.849827,0.1618,0.21925,0.0784,0.306498,0.0199,0.111336,0.0234,1.544732,0.0841,0.05,0.2224,2.3507,0.8627,0.3637,10.629,-0.5517,-0.0143,0.3023,1.3286,0.5802,0.4369,0.0261,0.3563,0.2004,0.1412,0.0649,0.6574,0.5681,7.1717,3.8,1.0349
112,2022-02-21,2022,1,8,S3,13.3191,1.100299,0.0415,0.225076,0.0824,0.320589,0.0231,0.117324,0.0237,0.491374,0.0286,0.0,0.2579,2.4339,0.8096,0.378,10.8195,-1.1546,-0.2106,0.2902,0.9366,0.5731,0.4649,0.0266,0.3835,0.2027,0.1455,0.0661,0.5083,0.5576,7.0839,3.7295,1.0468
113,2022-02-28,2022,1,9,S3,13.1225,0.940214,0.0401,0.223686,0.0812,0.302242,0.0203,0.11673,0.022,0.477351,0.0262,0.0,0.2292,2.4898,0.8363,0.3435,10.7714,-1.033,-0.1218,0.2672,0.7141,0.5628,0.465,0.0266,0.3685,0.2034,0.1422,0.0667,0.4091,0.5475,6.9573,3.662,1.0508
114,2022-03-07,2022,1,10,S3,13.5379,0.515792,0.0197,0.230864,0.0735,0.324782,0.0214,0.120361,0.0236,0.220239,0.0128,0.0,0.0995,2.713,0.9277,0.3997,10.8342,-0.6692,0.2766,0.2287,0.4903,0.5414,0.4297,0.027,0.3725,0.2054,0.1458,0.0675,0.2963,0.5204,6.6924,3.4807,1.0611
115,2022-03-14,2022,1,11,S3,13.5101,0.577041,0.0215,0.230331,0.0719,0.340445,0.0244,0.122769,0.0227,0.249278,0.0123,0.0,0.0874,2.7113,0.9434,0.3632,11.1968,-0.619,0.0403,0.2141,0.3764,0.5241,0.415,0.027,0.4029,0.208,0.1446,0.0683,0.2266,0.499,6.479,3.3376,1.0743
116,2022-03-21,2022,1,12,S3,14.4543,1.629855,0.0618,0.276111,0.0987,0.39173,0.0254,0.123625,0.0222,0.618129,0.0356,0.04,0.0534,2.6619,0.9569,0.3696,11.57,-0.1572,-0.2018,0.2244,0.5135,0.5337,0.5353,0.0289,0.4262,0.213,0.1425,0.0689,0.2779,0.5037,6.5971,3.3695,1.1
117,2022-03-28,2022,1,13,S3,14.8708,1.480362,0.0585,0.262735,0.0914,0.439426,0.0291,0.132151,0.0242,0.5543,0.0295,0.04,0.1086,2.6177,0.9477,0.3827,11.7799,-0.3354,0.0611,0.2263,0.5727,0.5394,0.5258,0.0289,0.4726,0.2195,0.1476,0.0701,0.2841,0.5045,6.6674,3.3746,1.134
118,2022-04-04,2022,2,14,S3,14.1334,1.585408,0.0585,0.232517,0.0821,0.312872,0.0212,0.115622,0.0202,0.693932,0.0394,0.0,0.0679,2.8258,0.9399,0.3541,11.405,-0.5849,-0.0292,0.2365,0.6053,0.5466,0.4813,0.0277,0.4173,0.2179,0.1376,0.0692,0.3271,0.5125,6.7561,3.4278,1.1257
119,2022-04-11,2022,2,15,S3,15.1413,1.150533,0.0432,0.230585,0.0847,0.370112,0.0281,0.119284,0.0217,0.540545,0.0314,0.0,0.0693,2.8972,0.9707,0.392,11.7421,-0.6126,0.6908,0.2193,0.5473,0.544,0.484,0.0273,0.4593,0.2199,0.1375,0.069,0.3213,0.5114,6.7241,3.4209,1.136
120,2022-04-18,2022,2,16,S3,14.1397,1.057258,0.0429,0.227389,0.0746,0.348236,0.0262,0.128001,0.0228,0.539408,0.0304,0.0,0.0586,2.899,0.9432,0.4087,11.4525,-0.6037,0.057,0.2287,0.5138,0.5395,0.4386,0.027,0.4597,0.2203,0.1409,0.0698,0.3139,0.5104,6.6686,3.4143,1.138
121,2022-04-25,2022,2,17,S3,14.3857,1.393735,0.0525,0.283085,0.0899,0.379713,0.0235,0.133977,0.0239,0.697446,0.0405,0.0,0.0669,2.9444,0.9486,0.397,11.7419,-0.6353,-0.0761,0.2332,0.5428,0.5428,0.4994,0.0291,0.4342,0.2224,0.1461,0.0708,0.3496,0.5179,6.7101,3.4639,1.1489
122,2022-05-02,2022,2,18,S3,14.3628,1.038064,0.0367,0.237893,0.0764,0.339403,0.0218,0.129396,0.0235,0.526929,0.03,0.0,0.0786,3.155,0.9196,0.361,11.5774,-0.6863,0.284,0.2219,0.4805,0.538,0.45,0.028,0.4062,0.2219,0.1474,0.0711,0.3292,0.5154,6.6504,3.4475,1.146
123,2022-05-09,2022,2,19,S3,13.6799,1.076893,0.0396,0.228578,0.0772,0.30276,0.0189,0.11834,0.0212,0.533896,0.0282,0.0,0.0662,3.0934,0.9594,0.3918,11.5921,-0.6288,-0.3682,0.2255,0.4606,0.5346,0.4436,0.0273,0.3652,0.2192,0.1407,0.0702,0.3098,0.5136,6.608,3.4357,1.1323
124,2022-05-16,2022,2,20,S3,14.4849,1.107925,0.0423,0.251299,0.082,0.341386,0.0214,0.121999,0.0213,0.552954,0.0283,0.0256,0.0766,3.0378,0.9715,0.4104,11.793,-0.424,0.0189,0.2138,0.4629,0.5322,0.4645,0.028,0.371,0.2193,0.1376,0.0699,0.2984,0.5131,6.5788,3.4324,1.133
125,2022-05-23,2022,2,21,S3,16.284,1.754082,0.0689,0.284114,0.1017,0.4477,0.0335,0.135802,0.0258,0.791172,0.0454,0.08,0.0772,3.084,0.9405,0.3592,12.2434,0.0923,0.3989,0.218,0.5963,0.5433,0.5588,0.0294,0.4905,0.2252,0.1505,0.0711,0.3596,0.5247,6.7155,3.5097,1.1632
126,2022-05-30,2022,2,22,S3,15.7368,1.684998,0.0695,0.256388,0.0908,0.424468,0.0271,0.125871,0.0232,0.782248,0.0416,0.08,0.0964,3.1109,0.9238,0.3762,12.1311,0.0014,-0.0232,0.2305,0.6727,0.552,0.5277,0.0288,0.4825,0.2288,0.1485,0.0709,0.3813,0.5345,6.8228,3.575,1.1819
127,2022-06-06,2022,2,23,S3,14.2158,0.648684,0.0258,0.228285,0.0697,0.32431,0.0221,0.113926,0.0215,0.278217,0.0144,0.0319,0.0531,3.3099,0.9378,0.4161,11.771,-0.3628,-0.3467,0.2219,0.4982,0.5359,0.4245,0.0275,0.4307,0.2262,0.1421,0.0696,0.286,0.5137,6.6238,3.4361,1.1685
128,2022-06-13,2022,2,24,S3,13.5146,0.62835,0.0263,0.212184,0.0662,0.26773,0.0171,0.113989,0.0201,0.251135,0.0139,0.0,0.0305,3.2911,0.9726,0.4046,11.2813,-0.5302,-0.0792,0.2103,0.4045,0.5208,0.3882,0.0264,0.3587,0.2206,0.1346,0.0687,0.227,0.4933,6.437,3.2994,1.1392
129,2022-06-20,2022,2,25,S3,13.9557,0.581651,0.02,0.228337,0.0691,0.269908,0.0202,0.10545,0.0202,0.238769,0.0128,0.0414,0.0813,3.3326,0.9071,0.4079,11.3522,-0.3682,0.2909,0.1921,0.3217,0.5057,0.3941,0.0268,0.3564,0.2161,0.1311,0.0673,0.1873,0.4742,6.2509,3.1722,1.116
130,2022-06-27,2022,2,26,S3,13.2484,0.57187,0.0229,0.210713,0.0639,0.265381,0.0187,0.119186,0.0211,0.251989,0.0144,0.0,0.0534,3.2948,0.9417,0.4371,11.2556,-0.6436,0.0752,0.1933,0.2903,0.4918,0.3715,0.0262,0.3408,0.2121,0.1323,0.0678,0.1699,0.4586,6.0796,3.0676,1.0954
131,2022-07-04,2022,3,27,S3,14.9328,1.773185,0.0629,0.245753,0.0787,0.350509,0.0225,0.120832,0.0215,0.835069,0.0464,0.1,0.0723,3.5086,0.9503,0.4094,11.8896,0.2176,-0.1678,0.2005,0.4719,0.5073,0.4346,0.0274,0.3706,0.214,0.1341,0.0683,0.2864,0.4787,6.2706,3.2021,1.1055
132,2022-07-11,2022,3,28,S3,13.0895,0.997492,0.0403,0.194621,0.0588,0.244257,0.0155,0.102375,0.0177,0.481616,0.0254,0.0,0.0577,3.5556,0.9831,0.4131,11.0322,-0.619,-0.137,0.2149,0.4595,0.505,0.3562,0.0256,0.317,0.209,0.123,0.0666,0.273,0.4783,6.2428,3.1996,1.0795
133,2022-07-18,2022,3,29,S3,13.278,1.089477,0.043,0.212119,0.0704,0.232026,0.0153,0.112365,0.0223,0.522237,0.0249,0.0,0.0474,3.5199,1.0207,0.4539,11.1495,-0.5867,-0.1119,0.2129,0.466,0.5052,0.3938,0.0259,0.2902,0.204,0.132,0.0667,0.2631,0.4804,6.2447,3.2131,1.0537
134,2022-07-25,2022,3,30,S3,13.1976,1.388352,0.0533,0.186672,0.0674,0.222223,0.0156,0.097721,0.0177,0.582962,0.0278,0.0,0.057,3.5522,0.9455,0.3949,10.8881,-0.6295,0.0722,0.2172,0.5207,0.5119,0.3876,0.0248,0.2814,0.1992,0.122,0.0651,0.2686,0.4855,6.3272,3.2474,1.0291
135,2022-08-01,2022,3,31,S3,12.9517,0.930099,0.0364,0.20432,0.0722,0.2069,0.0145,0.106853,0.0192,0.505674,0.0242,0.0,0.079,3.7737,0.9694,0.3826,10.5481,-0.6634,0.2676,0.2161,0.4671,0.5075,0.4084,0.0253,0.2668,0.1942,0.1217,0.0651,0.2575,0.4857,6.2732,3.2489,1.003
136,2022-08-08,2022,3,32,S3,12.7141,0.98556,0.0352,0.18024,0.0633,0.213416,0.0132,0.102885,0.0179,0.465015,0.0248,0.0,0.0815,3.703,0.9437,0.4063,10.5113,-0.6968,0.2105,0.2115,0.4314,0.5049,0.3716,0.0244,0.2475,0.1905,0.1174,0.0646,0.2533,0.4835,6.2415,3.2341,0.9842
137,2022-08-15,2022,3,33,S3,13.8371,1.241456,0.0431,0.219198,0.0776,0.247634,0.017,0.101402,0.0178,0.644158,0.037,0.06,0.0414,3.7359,0.9659,0.4055,10.9704,-0.0742,0.0912,0.2059,0.451,0.5085,0.4297,0.0258,0.2751,0.19,0.1148,0.0642,0.2992,0.4915,6.2859,3.2874,0.9812
138,2022-08-22,2022,3,34,S3,13.5565,1.23982,0.0437,0.212243,0.0715,0.267403,0.0183,0.111769,0.0209,0.603174,0.0329,0.06,0.0432,3.8319,0.9762,0.3851,10.9875,-0.0673,-0.2663,0.2141,0.465,0.5117,0.4133,0.0259,0.3006,0.1908,0.1234,0.065,0.3106,0.4963,6.3254,3.3201,0.9856
139,2022-08-29,2022,3,35,S3,13.7041,1.310694,0.0535,0.213237,0.0674,0.246962,0.0166,0.111459,0.0208,0.635293,0.0354,0.06,0.0615,3.7019,0.9551,0.3736,11.1229,-0.1158,-0.2656,0.2162,0.521,0.5161,0.3914,0.026,0.2954,0.1901,0.1276,0.0655,0.3271,0.5023,6.3797,3.36,0.9821
140,2022-09-05,2022,3,36,S3,14.4644,0.956227,0.0345,0.211824,0.0664,0.268529,0.0186,0.11871,0.0242,0.453132,0.0265,0.07,0.0131,3.8742,0.9924,0.439,11.3903,0.0802,0.1067,0.1996,0.4576,0.512,0.3823,0.026,0.3124,0.191,0.1402,0.0666,0.3018,0.4974,6.3285,3.3271,0.9867
141,2022-09-12,2022,3,37,S3,12.5043,0.527669,0.0216,0.19088,0.0611,0.173684,0.0117,0.100902,0.0176,0.198068,0.0114,0.0406,0.0367,3.8869,0.9643,0.3977,10.4394,-0.2327,-0.2691,0.2053,0.359,0.496,0.3564,0.025,0.2536,0.1849,0.1256,0.0654,0.2265,0.4743,6.1315,3.1726,0.955
142,2022-09-19,2022,3,38,S3,11.9255,0.505895,0.0178,0.186607,0.065,0.160867,0.0111,0.095949,0.0193,0.198731,0.0106,0.0,0.0295,3.9815,0.9499,0.3747,10.1334,-0.5439,-0.0451,0.1997,0.286,0.481,0.3692,0.0246,0.2216,0.1788,0.1237,0.0641,0.1783,0.454,5.9451,3.0371,0.9234
143,2022-09-26,2022,3,39,S3,11.53,0.473165,0.018,0.157075,0.0485,0.148864,0.0096,0.091429,0.0167,0.189338,0.0104,0.0,0.0363,3.9815,0.9419,0.4057,9.8832,-0.572,0.0608,0.1872,0.2468,0.4663,0.296,0.023,0.192,0.1727,0.1148,0.0627,0.1483,0.4353,5.7633,2.9119,0.8923
144,2022-10-03,2022,4,40,S3,12.4678,0.952375,0.0378,0.17253,0.0585,0.170709,0.0108,0.093216,0.0169,0.513778,0.0293,0.0413,0.0033,4.1941,1.0106,0.3832,10.4988,-0.1246,-0.2275,0.1862,0.3231,0.467,0.327,0.0233,0.1908,0.1696,0.1107,0.062,0.2054,0.442,5.7725,2.9567,0.8763
145,2022-10-10,2022,4,41,S3,12.1431,0.943712,0.039,0.191595,0.0695,0.158883,0.01,0.097962,0.0191,0.45391,0.0232,0.0,0.0,4.2607,0.9945,0.3781,10.3895,-0.4752,-0.2049,0.2004,0.3711,0.4675,0.3839,0.0243,0.1829,0.1661,0.1156,0.0621,0.2158,0.4444,5.7781,2.9725,0.858
146,2022-10-17,2022,4,42,S3,12.5566,0.954866,0.0408,0.184807,0.0638,0.169797,0.0115,0.103668,0.0212,0.511839,0.0282,0.0,0.0,4.0664,0.9881,0.3921,10.546,-0.4761,-0.0188,0.1995,0.4065,0.4681,0.3692,0.0243,0.1939,0.1641,0.1249,0.0628,0.2418,0.4499,5.7866,3.0093,0.8478
147,2022-10-24,2022,4,43,S3,12.7343,0.939782,0.0383,0.174558,0.06,0.179476,0.0125,0.098656,0.0203,0.452425,0.0227,0.0,0.0,4.2198,1.0002,0.3526,10.5904,-0.459,0.1007,0.1965,0.4135,0.4684,0.3487,0.0238,0.2084,0.1633,0.1267,0.0627,0.2355,0.4512,5.7896,3.0181,0.8435
148,2022-10-31,2022,4,44,S3,12.9827,1.084647,0.0389,0.179858,0.0629,0.182618,0.0122,0.101739,0.0184,0.487894,0.0277,0.0,0.0108,4.2781,1.0078,0.3829,10.7459,-0.5141,0.2123,0.1955,0.4202,0.4721,0.3578,0.0239,0.2112,0.1629,0.1216,0.0629,0.2516,0.4545,5.8355,3.0401,0.8412
149,2022-11-07,2022,4,45,S3,13.1798,1.022448,0.0376,0.200285,0.0635,0.207036,0.0135,0.101172,0.0196,0.539578,0.0289,0.0,0.0041,4.3636,1.0005,0.4115,11.0212,-0.5436,0.1214,0.1958,0.4174,0.474,0.3625,0.0248,0.2252,0.1644,0.1229,0.0631,0.2662,0.4604,5.8587,3.0793,0.8491
150,2022-11-14,2022,4,46,S3,12.8335,0.982141,0.035,0.201506,0.0645,0.191135,0.0132,0.105791,0.0225,0.518911,0.03,0.0,0.0487,4.401,0.9503,0.3798,10.9012,-0.6864,0.0147,0.2029,0.4034,0.4747,0.3681,0.0252,0.2285,0.1644,0.1325,0.0636,0.2792,0.4643,5.8674,3.106,0.8492
151,2022-11-21,2022,4,47,S3,17.3448,2.865771,0.122,0.335017,0.1098,0.574813,0.0387,0.16415,0.0308,1.269198,0.0691,0.18,0.0321,4.3824,1.0004,0.3602,12.5725,1.1387,-0.1492,0.2181,0.8269,0.5094,0.5766,0.0304,0.4762,0.1862,0.1636,0.0696,0.4426,0.5013,6.2964,3.3529,0.9617
152,2022-11-28,2022,4,48,S3,17.8278,2.657935,0.1026,0.352789,0.1289,0.561942,0.0376,0.143164,0.0296,1.233223,0.0723,0.18,0.0,4.3753,1.0316,0.3547,12.4278,1.2613,-0.2142,0.2442,0.9635,0.5376,0.7058,0.0326,0.5771,0.2035,0.1754,0.0716,0.5535,0.5324,6.645,3.5613,1.051
153,2022-12-05,2022,4,49,S3,13.3013,0.481461,0.02,0.194551,0.062,0.226906,0.0154,0.096219,0.0176,0.220572,0.013,0.0,0.007,4.6237,1.0047,0.3538,10.6125,-0.5182,-0.1022,0.2488,0.6289,0.5175,0.4253,0.0272,0.4088,0.1991,0.1434,0.0681,0.3836,0.5071,6.3968,3.3923,1.0285
154,2022-12-12,2022,4,50,S3,13.2453,0.510139,0.02,0.194354,0.064,0.236313,0.0159,0.104426,0.0215,0.22702,0.0122,0.0,0.0,4.7114,1.0195,0.3539,10.8155,-0.5061,0.082,0.2155,0.4452,0.5004,0.3782,0.0256,0.3377,0.1962,0.1396,0.0668,0.2788,0.4855,6.1856,3.2472,1.0135
155,2022-12-19,2022,4,51,S3,13.4079,0.557107,0.0229,0.203463,0.0739,0.220448,0.0166,0.104888,0.0222,0.221358,0.0128,0.0331,0.0,4.7319,1.0248,0.3485,10.8754,-0.2146,0.0673,0.1999,0.3587,0.4866,0.4141,0.0255,0.3123,0.1927,0.1398,0.0659,0.2183,0.4659,6.0149,3.1163,0.9954
156,2022-12-26,2022,4,52,S3,17.6228,2.678772,0.1116,0.361832,0.1222,0.641843,0.0457,0.169795,0.0369,1.202432,0.0712,0.15,0.0037,4.6232,1.0198,0.3713,13.1827,0.9511,-0.42,0.2218,0.7508,0.5174,0.6424,0.0314,0.582,0.2123,0.1865,0.0716,0.4144,0.5002,6.3954,3.3455,1.0967
157,2023-01-02,2023,1,1,S3,14.5811,1.643892,0.0648,0.253049,0.0878,0.366954,0.0258,0.118636,0.0237,0.781512,0.04,0.0,0.0124,4.7498,1.003,0.3153,11.6026,-0.5717,-0.1571,0.2543,0.7343,0.5279,0.5308,0.0293,0.5107,0.2151,0.1681,0.0705,0.4078,0.5128,6.5252,3.4302,1.1113
158,2023-01-09,2023,1,2,S3,14.0213,1.09596,0.047,0.196489,0.0688,0.272918,0.0217,0.106483,0.0216,0.477113,0.0293,0.0,0.0,4.2403,1.012,0.3642,10.9007,-0.472,0.2409,0.239,0.6369,0.5259,0.4211,0.0263,0.4397,0.2118,0.1522,0.0685,0.3612,0.5081,6.5008,3.3985,1.0941
159,2023-01-16,2023,1,3,S3,13.3748,1.068293,0.0433,0.206093,0.077,0.267118,0.0179,0.10887,0.0209,0.507071,0.028,0.0,0.0213,4.5142,0.9944,0.3364,10.7327,-0.5483,0.0158,0.2374,0.5651,0.5235,0.4369,0.0258,0.3712,0.2087,0.1421,0.0675,0.3282,0.5057,6.4709,3.3823,1.0781
160,2023-01-23,2023,1,4,S3,13.2537,1.090601,0.0428,0.22506,0.0779,0.267158,0.0189,0.111967,0.0228,0.544761,0.0303,0.0,0.0,4.5513,0.9781,0.3485,10.9607,-0.5281,-0.2834,0.2342,0.5231,0.5218,0.444,0.0265,0.3494,0.2062,0.1431,0.0672,0.3175,0.5057,6.4504,3.3824,1.0649
161,2023-01-30,2023,1,5,S3,14.2226,1.000868,0.0439,0.205438,0.078,0.309016,0.0242,0.115467,0.0242,0.492479,0.0292,0.0,0.0001,4.4457,1.0139,0.3155,11.1032,-0.4697,0.4712,0.2192,0.5054,0.5182,0.4462,0.0258,0.3909,0.2067,0.148,0.0673,0.3068,0.5027,6.4056,3.3625,1.0678
162,2023-02-06,2023,1,6,S3,14.5493,3.659336,0.1372,0.220713,0.0827,0.275798,0.0189,0.116485,0.0249,1.56295,0.0893,0.0461,0.052,4.7254,0.9339,0.3617,11.0093,-0.3341,-0.0058,0.2667,0.9586,0.5592,0.4679,0.0263,0.3581,0.2051,0.1527,0.0675,0.5393,0.5452,6.9128,3.6466,1.0594
163,2023-02-13,2023,1,7,S3,16.2168,4.408316,0.18,0.241844,0.0922,0.320044,0.0224,0.121737,0.026,1.621802,0.1003,0.05,0.0045,5.0585,0.9808,0.3572,11.6244,-0.1705,0.0769,0.289,1.4198,0.6052,0.5156,0.0273,0.3774,0.2065,0.1586,0.0682,0.7229,0.5845,7.4813,3.9094,1.0667
164,2023-02-20,2023,1,8,S3,14.8016,1.033068,0.0398,0.236311,0.0768,0.325655,0.0227,0.122154,0.0231,0.553276,0.0302,0.0,0.0287,4.4661,1.0046,0.3487,11.3122,-0.5925,0.0799,0.2704,0.9784,0.594,0.4551,0.0274,0.3889,0.208,0.1522,0.0687,0.5538,0.5755,7.343,3.8494,1.0744
165,2023-02-27,2023,1,9,S3,15.4067,1.124326,0.0449,0.251799,0.0936,0.306839,0.023,0.123421,0.0272,0.517954,0.0313,0.0539,0.0018,4.439,1.0154,0.2965,11.7056,0.0205,-0.0735,0.2437,0.7607,0.5861,0.5197,0.028,0.3976,0.2081,0.1621,0.0691,0.4571,0.5656,7.2449,3.7833,1.0749
166,2023-03-06,2023,1,10,S3,14.2711,0.639015,0.0253,0.252353,0.0926,0.336955,0.0232,0.121214,0.0228,0.256879,0.0157,0.0,0.0116,4.6838,1.021,0.3407,11.6014,-0.5627,-0.1455,0.2367,0.544,0.5663,0.5281,0.0282,0.403,0.21,0.1531,0.0691,0.3367,0.5394,7.0,3.6081,1.0846
167,2023-03-13,2023,1,11,S3,15.0814,0.613667,0.0244,0.257636,0.096,0.363639,0.0274,0.12688,0.0272,0.297931,0.0178,0.0,0.0,4.8236,0.9946,0.3297,12.0143,-0.5821,0.4243,0.2138,0.42,0.5477,0.5453,0.0285,0.4457,0.213,0.1625,0.0697,0.2728,0.5196,6.7701,3.4753,1.1004
168,2023-03-20,2023,1,12,S3,15.8728,1.752182,0.0677,0.263164,0.0887,0.396348,0.029,0.127869,0.0289,0.586001,0.0313,0.04,0.0,4.3922,0.977,0.2871,12.3909,-0.1362,0.2006,0.2153,0.5668,0.5572,0.5154,0.0288,0.4806,0.2174,0.1727,0.0702,0.2882,0.5202,6.8873,3.4793,1.1227
169,2023-03-27,2023,1,13,S3,16.0436,1.78945,0.0729,0.279748,0.1002,0.427348,0.0353,0.131501,0.0288,0.639283,0.0349,0.04,0.0,4.6828,0.9952,0.3164,12.3598,-0.1754,0.1644,0.2303,0.6733,0.5664,0.562,0.0295,0.5574,0.2225,0.1775,0.0709,0.3119,0.5235,7.0012,3.5015,1.1494
170,2023-04-03,2023,2,14,S3,15.2367,1.764171,0.0771,0.255082,0.0858,0.337732,0.0245,0.126015,0.0289,0.72595,0.0387,0.0,0.0086,4.8747,0.9956,0.3219,12.0374,-0.6087,0.1153,0.2424,0.7528,0.5742,0.5052,0.0288,0.4873,0.2218,0.18,0.0708,0.341,0.5307,7.098,3.55,1.1459
171,2023-04-10,2023,2,15,S3,14.8367,1.118001,0.0509,0.239417,0.0908,0.358202,0.0257,0.132255,0.0262,0.581575,0.0328,0.0,0.0,4.3662,1.0016,0.3237,11.9734,-0.5143,-0.2007,0.2412,0.6665,0.5681,0.5169,0.028,0.4673,0.2225,0.1727,0.0713,0.3353,0.5297,7.0226,3.5434,1.1491
172,2023-04-17,2023,2,16,S3,15.7221,1.220041,0.0502,0.234999,0.0932,0.332176,0.0246,0.130485,0.0273,0.552255,0.0312,0.0315,0.0133,4.4085,1.0127,0.3142,12.2073,-0.2445,0.2555,0.2229,0.6153,0.5649,0.53,0.0275,0.4476,0.2215,0.1727,0.0715,0.3253,0.5273,6.9831,3.5269,1.144
173,2023-04-24,2023,2,17,S3,15.4027,1.542193,0.0711,0.269328,0.0978,0.455122,0.0342,0.128075,0.0279,0.727141,0.0427,0.0,0.0217,4.5533,0.9765,0.3147,12.4696,-0.6449,-0.1686,0.2432,0.6909,0.5687,0.5541,0.0288,0.532,0.2273,0.1744,0.0714,0.365,0.5341,7.0299,3.5727,1.1742
174,2023-05-01,2023,2,18,S3,15.0158,1.169908,0.052,0.245091,0.0926,0.362335,0.0257,0.125549,0.0256,0.523533,0.0284,0.0,0.0073,4.5432,1.0015,0.3367,11.9438,-0.5654,0.0567,0.2385,0.638,0.5643,0.5348,0.0282,0.4876,0.2272,0.1682,0.0711,0.3319,0.5295,6.9759,3.5419,1.1735
175,2023-05-08,2023,2,19,S3,14.5027,1.182749,0.0548,0.24209,0.0841,0.319331,0.0232,0.117694,0.0242,0.573817,0.0336,0.0,0.0,4.625,0.9802,0.3302,11.9357,-0.5687,-0.3279,0.2388,0.6226,0.5607,0.492,0.0279,0.444,0.2246,0.1607,0.0701,0.3328,0.5283,6.9308,3.5335,1.1601
176,2023-05-15,2023,2,20,S3,14.6678,1.194571,0.0501,0.235851,0.0814,0.328095,0.0259,0.129668,0.0252,0.590079,0.0357,0.0,0.0091,4.6696,1.0022,0.2471,12.1866,-0.5315,-0.4082,0.2332,0.5907,0.5577,0.471,0.0275,0.4504,0.223,0.16,0.0706,0.3418,0.528,6.8935,3.532,1.1517
177,2023-05-22,2023,2,21,S3,15.4247,1.130879,0.0514,0.264434,0.0983,0.342527,0.0237,0.133164,0.0258,0.541862,0.031,0.0,0.0,4.2847,1.0001,0.2969,12.4184,-0.5049,0.0637,0.2235,0.5799,0.5535,0.5443,0.0286,0.432,0.2225,0.1616,0.0713,0.3286,0.5252,6.8422,3.513,1.1493
178,2023-05-29,2023,2,22,S3,16.4179,1.596346,0.0663,0.307854,0.1042,0.447498,0.0326,0.141679,0.029,0.798311,0.0466,0.08,0.0187,4.6052,0.971,0.299,12.6906,0.1651,-0.1618,0.2268,0.6477,0.5595,0.5863,0.0305,0.5089,0.2278,0.1725,0.0726,0.3827,0.5356,6.9161,3.5829,1.1765
179,2023-06-05,2023,2,23,S3,14.4447,0.630169,0.0253,0.229327,0.0842,0.3118,0.0215,0.123536,0.0247,0.296382,0.0189,0.0,0.0,4.5104,0.9953,0.2664,12.0697,-0.5005,-0.3978,0.2266,0.4817,0.5421,0.5029,0.0281,0.4371,0.2246,0.1642,0.0716,0.3048,0.5161,6.7008,3.4523,1.1602
180,2023-06-12,2023,2,24,S3,14.7579,0.663179,0.0265,0.25614,0.0991,0.291466,0.0202,0.118311,0.0238,0.259044,0.0156,0.0,0.0,4.7954,0.9963,0.3027,12.1245,-0.5627,0.1081,0.2092,0.3963,0.5274,0.5543,0.0284,0.392,0.2208,0.1572,0.0705,0.2451,0.496,6.5193,3.318,1.1403
181,2023-06-19,2023,2,25,S3,15.0615,0.677642,0.03,0.221671,0.0829,0.285057,0.02,0.120953,0.0258,0.279245,0.0171,0.0,0.0,4.4712,0.9946,0.3253,12.2749,-0.5483,0.424,0.1933,0.3666,0.5146,0.4906,0.0271,0.3694,0.2172,0.16,0.07,0.2153,0.48,6.3613,3.2105,1.1219
182,2023-06-26,2023,2,26,S3,14.7543,0.662517,0.0279,0.24904,0.1011,0.312672,0.0226,0.125712,0.0257,0.279374,0.0154,0.0,0.0,4.5461,1.0354,0.2784,12.0291,-0.4731,0.2779,0.1979,0.3401,0.5027,0.5613,0.0278,0.3846,0.216,0.1612,0.0702,0.1906,0.4658,6.2135,3.1159,1.1157
183,2023-07-03,2023,3,27,S3,16.1133,1.684639,0.0708,0.294541,0.1029,0.390144,0.029,0.138622,0.0322,0.795019,0.0482,0.1,0.0273,4.6141,0.9776,0.3067,12.4478,0.3341,-0.0515,0.2099,0.5382,0.5154,0.5835,0.0298,0.4533,0.2194,0.1824,0.0716,0.306,0.4832,6.3709,3.2324,1.1335
184,2023-07-10,2023,3,28,S3,15.2004,1.186589,0.0508,0.210653,0.085,0.289087,0.0235,0.117417,0.0238,0.536931,0.0298,0.0512,0.0179,4.6941,0.9817,0.2818,12.0359,-0.1066,0.0018,0.2151,0.5478,0.5167,0.506,0.0271,0.4311,0.2164,0.1663,0.0704,0.3023,0.4855,6.3874,3.2475,1.1176
185,2023-07-17,2023,3,29,S3,14.4872,1.17202,0.0484,0.228303,0.0874,0.253947,0.0191,0.110265,0.0215,0.536224,0.032,0.0,0.0,4.638,0.9581,0.2869,11.6634,-0.5476,0.1775,0.2205,0.5411,0.5176,0.5017,0.027,0.3787,0.2116,0.151,0.0689,0.3089,0.4875,6.3982,3.2606,1.0928
186,2023-07-24,2023,3,30,S3,14.6983,1.381369,0.0623,0.234833,0.0855,0.265687,0.0192,0.104488,0.0242,0.619234,0.0348,0.0,0.0,4.3448,0.9821,0.3304,11.7494,-0.5252,0.2244,0.2211,0.6068,0.5229,0.4921,0.0272,0.3554,0.2084,0.152,0.0673,0.3238,0.4937,6.4636,3.3021,1.0765
187,2023-07-31,2023,3,31,S3,14.0638,1.447647,0.0561,0.222892,0.0897,0.216231,0.0163,0.102125,0.0203,0.634776,0.0404,0.0,0.0,4.6946,0.9947,0.2906,11.384,-0.51,-0.0687,0.2317,0.612,0.529,0.5094,0.0268,0.3177,0.2024,0.1402,0.066,0.3551,0.4999,6.5392,3.3441,1.0455
188,2023-08-07,2023,3,32,S3,13.6547,1.066665,0.0492,0.215133,0.0854,0.201002,0.0142,0.098847,0.0193,0.525385,0.0285,0.0,0.0,4.3945,0.9863,0.3115,11.0043,-0.4812,0.0068,0.2288,0.5807,0.5262,0.4931,0.0264,0.28,0.1964,0.1311,0.0648,0.3266,0.4995,6.5049,3.3414,1.0142
189,2023-08-14,2023,3,33,S3,13.3345,1.029648,0.0409,0.197487,0.0693,0.218474,0.0179,0.100044,0.0224,0.508988,0.0301,0.0,0.0484,4.6715,0.9913,0.2658,10.8849,-0.6037,0.0601,0.2245,0.5225,0.5229,0.4161,0.0255,0.2992,0.1927,0.1364,0.0641,0.3157,0.4983,6.4633,3.3329,0.9953
190,2023-08-21,2023,3,34,S3,14.9432,1.299258,0.054,0.211222,0.0847,0.288128,0.0223,0.122772,0.0258,0.615818,0.038,0.06,0.0087,4.3896,0.9902,0.3417,11.6428,0.0075,0.1108,0.2129,0.555,0.5259,0.4713,0.0258,0.3501,0.1944,0.1499,0.0661,0.3407,0.503,6.5008,3.3645,1.004
191,2023-08-28,2023,3,35,S3,14.9113,1.425232,0.0634,0.236251,0.0867,0.254093,0.0191,0.113516,0.0221,0.691593,0.0428,0.06,0.0,4.5724,1.0258,0.3178,11.5744,0.061,-0.0266,0.2215,0.6199,0.5313,0.4915,0.0269,0.3425,0.1935,0.1447,0.0664,0.3747,0.511,6.5671,3.4182,0.9997
192,2023-09-04,2023,3,36,S3,14.6031,1.055941,0.0424,0.230302,0.0864,0.268067,0.0205,0.108594,0.021,0.397903,0.0245,0.07,0.0093,4.3811,0.9943,0.3036,11.3256,0.1267,-0.024,0.2174,0.5515,0.528,0.4942,0.027,0.3518,0.1938,0.1386,0.0661,0.3222,0.5016,6.5269,3.3549,1.001
193,2023-09-11,2023,3,37,S3,13.4068,0.554904,0.0255,0.191936,0.0732,0.181207,0.0148,0.092826,0.0211,0.227176,0.0136,0.0,0.0,4.407,1.0007,0.3204,10.7792,-0.466,0.276,0.2102,0.4296,0.5114,0.4342,0.0254,0.301,0.1877,0.136,0.0642,0.2476,0.4806,6.3212,3.2145,0.9698
194,2023-09-18,2023,3,38,S3,13.9067,0.598894,0.0238,0.1903,0.0734,0.184704,0.0149,0.098732,0.0214,0.225535,0.0126,0.0543,0.0,4.696,0.9982,0.2824,11.0491,-0.0067,0.2419,0.1886,0.3545,0.4978,0.4231,0.0248,0.2792,0.1831,0.1355,0.0636,0.1987,0.4619,6.1534,3.0899,0.9456
195,2023-09-25,2023,3,39,S3,12.5411,0.552384,0.0227,0.184779,0.063,0.163525,0.0115,0.101187,0.0204,0.215669,0.0115,0.0,0.002,4.6311,0.9986,0.3362,10.5333,-0.4961,0.0955,0.192,0.3077,0.4841,0.373,0.0244,0.2363,0.1775,0.1322,0.0635,0.165,0.4447,5.984,2.9746,0.917
196,2023-10-02,2023,4,40,S3,13.1413,0.987276,0.0447,0.17592,0.0581,0.188005,0.0141,0.09629,0.0213,0.472315,0.0265,0.0,0.0,4.5065,1.0344,0.3082,10.7297,-0.4378,0.3438,0.1907,0.3911,0.4839,0.3409,0.0239,0.2422,0.1749,0.1334,0.0629,0.2045,0.4478,5.9817,2.9956,0.9037
197,2023-10-09,2023,4,41,S3,13.0893,1.067729,0.0486,0.200478,0.0775,0.17924,0.0147,0.105944,0.0229,0.486629,0.0279,0.0,0.0158,4.829,0.9417,0.3128,11.0837,-0.617,-0.0773,0.2063,0.456,0.4857,0.423,0.0248,0.2506,0.1721,0.139,0.0635,0.2337,0.4515,6.0036,3.0198,0.8892
198,2023-10-16,2023,4,42,S3,13.4301,1.030002,0.0407,0.178427,0.0589,0.191327,0.0157,0.105524,0.0242,0.506917,0.0295,0.0,0.0069,4.5813,0.9548,0.3093,10.9745,-0.5456,0.3246,0.1993,0.4528,0.4864,0.3543,0.0241,0.2645,0.1708,0.146,0.0639,0.2578,0.4558,6.0121,3.049,0.8822
199,2023-10-23,2023,4,43,S3,13.7304,1.129425,0.0488,0.202032,0.071,0.178278,0.0133,0.095903,0.0213,0.475514,0.0257,0.0354,0.0134,4.5493,0.9791,0.31,11.1177,-0.231,0.1085,0.1992,0.4911,0.4893,0.3958,0.025,0.2471,0.1687,0.1404,0.0631,0.2568,0.4578,6.0486,3.0624,0.8712
200,2023-10-30,2023,4,44,S3,14.4161,0.982912,0.0376,0.207511,0.072,0.181501,0.0143,0.104773,0.0214,0.492954,0.0264,0.0453,0.0,4.5817,1.0003,0.338,11.1537,-0.1096,0.6542,0.1885,0.4568,0.4885,0.4089,0.0255,0.2497,0.1672,0.1377,0.0635,0.2592,0.4606,6.0386,3.0811,0.8635
201,2023-11-06,2023,4,45,S3,13.2475,1.049763,0.041,0.199595,0.0685,0.209125,0.0148,0.112494,0.0225,0.541067,0.0323,0.0,0.018,4.4524,1.0003,0.3319,11.2962,-0.5524,-0.2385,0.207,0.4548,0.4894,0.3954,0.0253,0.255,0.1681,0.1398,0.0647,0.2839,0.4658,6.0495,3.1159,0.8681
202,2023-11-13,2023,4,46,S3,13.5163,1.151743,0.0454,0.206647,0.071,0.209865,0.0145,0.105849,0.0211,0.562015,0.0293,0.0,0.0326,4.6851,0.985,0.3425,11.5269,-0.6541,-0.1379,0.2058,0.4755,0.4926,0.4041,0.0255,0.2549,0.1689,0.1365,0.0647,0.2872,0.4716,6.0884,3.1543,0.8722
203,2023-11-20,2023,4,47,S3,13.6528,1.029387,0.044,0.197854,0.0661,0.221091,0.0171,0.098523,0.0191,0.488026,0.0283,0.0,0.0,4.5822,0.9923,0.3321,11.3125,-0.5245,0.0838,0.2037,0.4799,0.4925,0.3837,0.0252,0.2795,0.1703,0.1285,0.0639,0.2849,0.4724,6.0883,3.16,0.8798
204,2023-11-27,2023,4,48,S3,18.4557,2.894217,0.1131,0.36769,0.1306,0.519644,0.0371,0.168617,0.0349,1.367171,0.073,0.18,0.0,4.5167,1.0204,0.3454,13.1197,1.3086,0.0794,0.2139,0.8251,0.5259,0.6748,0.0315,0.4843,0.1885,0.1746,0.0701,0.4613,0.5119,6.5002,3.4239,0.9737
205,2023-12-04,2023,4,49,S3,13.9207,0.539666,0.0201,0.208188,0.0722,0.23526,0.0183,0.110398,0.0235,0.2357,0.0122,0.0,0.0267,4.6793,1.0006,0.3297,10.9285,-0.5815,0.39,0.2287,0.5535,0.5089,0.4656,0.0275,0.3948,0.1874,0.1615,0.0687,0.3251,0.4904,6.291,3.2801,0.9682
206,2023-12-11,2023,4,50,S3,13.5036,0.627077,0.0276,0.20499,0.0743,0.24563,0.0185,0.108459,0.0243,0.255443,0.0138,0.0,0.0,4.3587,1.0037,0.3856,11.2715,-0.5233,-0.1337,0.2139,0.4414,0.4965,0.4336,0.0261,0.356,0.1873,0.1575,0.0676,0.25,0.4731,6.137,3.1644,0.9674
207,2023-12-18,2023,4,51,S3,13.4531,0.601268,0.0251,0.197665,0.0746,0.25431,0.017,0.108253,0.0232,0.240658,0.0144,0.0,0.0281,4.1964,0.9982,0.3126,11.1036,-0.5317,0.181,0.2007,0.3673,0.4845,0.4282,0.0254,0.3242,0.1877,0.1519,0.0668,0.2075,0.4567,5.9886,3.0545,0.9698
208,2023-12-25,2023,4,52,S3,17.924,2.465312,0.1045,0.350381,0.1187,0.597607,0.0425,0.158555,0.0331,1.154423,0.0633,0.15,0.0,4.8138,1.0055,0.3722,13.0078,0.9101,0.2325,0.2105,0.7204,0.5122,0.6293,0.031,0.5561,0.2063,0.1805,0.0712,0.3763,0.4902,6.3318,3.2789,1.0658
209,2024-01-01,2024,1,1,S3,14.9997,1.813518,0.0741,0.266128,0.1013,0.380276,0.0252,0.135947,0.0291,0.827493,0.0498,0.0,0.0291,4.6855,0.9669,0.3774,11.7589,-0.6987,0.1409,0.2532,0.7639,0.5264,0.5897,0.0297,0.4938,0.211,0.1821,0.0719,0.4239,0.5062,6.5066,3.3858,1.0898
210,2024-01-08,2024,1,2,S3,13.708,1.0099,0.0384,0.228944,0.082,0.256861,0.0193,0.109076,0.024,0.520914,0.0273,0.0,0.0026,4.3533,1.012,0.336,11.0026,-0.4774,-0.1922,0.2462,0.6105,0.5225,0.4934,0.0278,0.4091,0.2073,0.167,0.0697,0.3628,0.5048,6.4589,3.3764,1.071
211,2024-01-15,2024,1,3,S3,14.3308,1.085815,0.0433,0.230644,0.0859,0.280954,0.0206,0.104628,0.0223,0.558949,0.0322,0.0,0.0052,4.152,0.9983,0.4006,11.3276,-0.5322,0.2816,0.2271,0.5508,0.5209,0.4921,0.0273,0.3833,0.2059,0.154,0.0679,0.346,0.5057,6.4382,3.3825,1.0637
212,2024-01-22,2024,1,4,S3,13.9945,1.089815,0.0425,0.213474,0.0778,0.276728,0.0197,0.116768,0.0224,0.488104,0.0258,0.0,0.0313,4.4152,0.9766,0.3789,11.2769,-0.6381,0.2459,0.2222,0.5139,0.5194,0.4547,0.0264,0.3625,0.2045,0.1477,0.0679,0.3104,0.5024,6.4208,3.3608,1.0564
213,2024-01-29,2024,1,5,S3,14.7021,1.153577,0.0472,0.245825,0.0819,0.281655,0.0199,0.126038,0.0242,0.522039,0.0264,0.0392,0.0,4.3319,1.0295,0.3814,11.6257,-0.1448,0.1199,0.2109,0.517,0.5196,0.4658,0.0275,0.3555,0.2037,0.1504,0.0688,0.2914,0.5016,6.4231,3.3549,1.052
214,2024-02-05,2024,1,6,S3,14.8255,3.771635,0.1597,0.22573,0.075,0.29778,0.019,0.122307,0.0221,1.571448,0.0916,0.0,0.0,4.3341,0.951,0.3654,11.3978,-0.5606,0.0409,0.2663,1.0763,0.5619,0.4367,0.027,0.3436,0.204,0.145,0.0691,0.5395,0.5444,6.9461,3.6418,1.0536
215,2024-02-12,2024,1,7,S3,16.104,3.944595,0.1621,0.247807,0.0853,0.301954,0.0229,0.113933,0.0211,1.828199,0.1016,0.05,0.0,4.2903,0.9716,0.3634,11.5295,-0.0804,0.0452,0.2862,1.3957,0.6021,0.478,0.0278,0.3757,0.2045,0.1391,0.0684,0.7282,0.5903,7.4431,3.9484,1.0563
216,2024-02-19,2024,1,8,S3,15.6637,1.168494,0.0426,0.234879,0.087,0.326376,0.0213,0.114331,0.022,0.550225,0.029,0.0293,0.009,4.3928,0.9695,0.3663,11.9899,-0.3258,-0.0157,0.2563,0.9787,0.5944,0.4941,0.0275,0.3744,0.2064,0.1391,0.068,0.5522,0.5804,7.3474,3.8826,1.0661
217,2024-02-26,2024,1,9,S3,15.2498,1.142939,0.0436,0.251432,0.0864,0.321623,0.0208,0.13254,0.0278,0.571311,0.0314,0.0,0.0,4.4824,0.9927,0.381,12.0034,-0.5794,0.1282,0.2425,0.7545,0.5869,0.4947,0.028,0.3697,0.2077,0.1574,0.0696,0.4562,0.5729,7.2541,3.8324,1.0727
218,2024-03-04,2024,1,10,S3,15.1447,0.684537,0.0272,0.272102,0.0949,0.338385,0.0232,0.136569,0.0262,0.308475,0.0178,0.0,0.0127,4.2258,0.9853,0.4039,12.3591,-0.6285,0.0062,0.225,0.55,0.5683,0.5337,0.029,0.3905,0.2097,0.1614,0.0709,0.3445,0.5499,7.0251,3.678,1.0832
219,2024-03-11,2024,1,11,S3,14.5366,0.620215,0.0227,0.242476,0.0789,0.357535,0.0255,0.126941,0.0269,0.306168,0.0182,0.0,0.0,4.4765,0.9699,0.382,12.176,-0.61,-0.1697,0.216,0.415,0.5497,0.4681,0.0281,0.422,0.2125,0.1657,0.0709,0.279,0.5294,6.7951,3.541,1.0975
220,2024-03-18,2024,1,12,S3,14.7748,1.039562,0.0439,0.260394,0.0864,0.346109,0.0237,0.129249,0.0253,0.374688,0.0205,0.04,0.023,4.7257,0.9631,0.3626,12.1565,-0.3125,-0.2097,0.2126,0.4461,0.5442,0.4894,0.0286,0.4193,0.2141,0.1627,0.0711,0.2488,0.5162,6.7274,3.4527,1.1059
221,2024-03-25,2024,1,13,S3,15.8709,1.82593,0.0739,0.309915,0.1043,0.425011,0.0305,0.138931,0.0273,0.688228,0.0357,0.04,0.0,4.3895,0.9828,0.3996,12.7108,-0.2193,-0.1504,0.2224,0.6118,0.5554,0.5756,0.0306,0.4829,0.2197,0.1677,0.0722,0.2914,0.5225,6.8654,3.4947,1.135
222,2024-04-01,2024,2,14,S3,15.4633,1.628891,0.0661,0.244341,0.0828,0.364299,0.0236,0.127744,0.0249,0.79663,0.0418,0.0,0.0,4.4625,1.0491,0.4038,12.4547,-0.5595,0.0444,0.2279,0.6642,0.5618,0.4942,0.0287,0.4448,0.2211,0.1624,0.0718,0.3413,0.5331,6.9446,3.5662,1.1419
223,2024-04-08,2024,2,15,S3,15.2805,1.158116,0.0404,0.242298,0.0752,0.378608,0.0259,0.121811,0.0244,0.537036,0.0307,0.0,0.0,4.3717,1.036,0.4005,12.4927,-0.5605,-0.0054,0.2195,0.5657,0.5579,0.4432,0.028,0.4503,0.223,0.1583,0.071,0.3268,0.5294,6.8958,3.5413,1.1518
224,2024-04-15,2024,2,16,S3,15.0472,1.242502,0.0456,0.262515,0.0837,0.349429,0.022,0.119527,0.022,0.593116,0.0318,0.0,0.0,4.41,0.9918,0.4043,12.3048,-0.6031,0.0431,0.2195,0.5372,0.5562,0.472,0.0286,0.4148,0.2229,0.1487,0.0702,0.3226,0.5292,6.8751,3.5399,1.1513
225,2024-04-22,2024,2,17,S3,15.931,1.466685,0.0546,0.283293,0.0952,0.444051,0.0295,0.135484,0.0242,0.742452,0.0404,0.0,0.005,4.1958,0.989,0.3857,12.9441,-0.6112,0.1002,0.2196,0.5664,0.5594,0.5303,0.0296,0.4716,0.2279,0.1507,0.0713,0.3542,0.5366,6.9142,3.589,1.1773
226,2024-04-29,2024,2,18,S3,15.9279,1.647415,0.0696,0.270603,0.0913,0.468025,0.0317,0.149178,0.0269,0.780181,0.0432,0.0,0.0,4.3659,0.977,0.3742,12.9852,-0.6226,-0.1255,0.2317,0.6566,0.5657,0.5244,0.0294,0.5185,0.2333,0.1605,0.0732,0.3844,0.5448,6.9929,3.6442,1.2048
227,2024-05-06,2024,2,19,S3,16.5795,1.178177,0.0478,0.264553,0.0977,0.36569,0.0238,0.125693,0.0233,0.604211,0.0305,0.0347,0.0,4.3156,0.9618,0.3769,13.0021,-0.2739,0.2931,0.2146,0.598,0.5618,0.5524,0.0291,0.4632,0.2322,0.1538,0.0723,0.3519,0.5433,6.9449,3.6344,1.1996
228,2024-05-13,2024,2,20,S3,15.6422,1.285408,0.0475,0.272438,0.0841,0.379308,0.0257,0.125781,0.0237,0.57414,0.0314,0.0,0.0,4.6416,0.9977,0.3629,12.88,-0.6231,-0.0535,0.2198,0.5643,0.5607,0.4958,0.0294,0.4564,0.2322,0.1517,0.0717,0.3363,0.5404,6.9306,3.615,1.1993
229,2024-05-20,2024,2,21,S3,15.2454,1.212,0.047,0.241869,0.0835,0.352336,0.022,0.127063,0.0266,0.539599,0.0282,0.0254,0.0041,4.4069,0.977,0.4015,12.3704,-0.3799,-0.0867,0.2192,0.5437,0.5581,0.4817,0.0282,0.4183,0.2306,0.1598,0.0714,0.3138,0.536,6.8981,3.5852,1.1911
230,2024-05-27,2024,2,22,S3,16.8743,1.836577,0.064,0.286363,0.1001,0.409561,0.0295,0.136046,0.0246,0.776232,0.0376,0.08,0.0,4.569,0.9983,0.3961,13.0032,0.1874,0.0965,0.2126,0.6167,0.568,0.5549,0.0296,0.4735,0.2325,0.1577,0.0721,0.338,0.5441,7.0214,3.6396,1.2007
231,2024-06-03,2024,2,23,S3,14.3247,0.641244,0.023,0.257127,0.0777,0.315014,0.0194,0.116526,0.0218,0.267744,0.0139,0.0,0.0141,4.3169,0.9574,0.3897,12.2188,-0.6537,-0.3673,0.2183,0.4534,0.5501,0.467,0.0289,0.4007,0.2286,0.1478,0.0706,0.2583,0.5214,6.7998,3.4874,1.181
232,2024-06-10,2024,2,24,S3,14.5155,0.688688,0.0263,0.244928,0.0782,0.32468,0.0206,0.124938,0.0247,0.29908,0.0153,0.0,0.0133,4.5283,0.9748,0.3401,12.3616,-0.6306,-0.1581,0.2027,0.3797,0.5354,0.4514,0.0282,0.3794,0.2261,0.1521,0.0705,0.216,0.5038,6.6177,3.3697,1.1679
233,2024-06-17,2024,2,25,S3,14.9837,0.729086,0.0262,0.257767,0.0937,0.334318,0.021,0.121466,0.0237,0.291844,0.0167,0.0,0.0077,4.5101,0.9972,0.3747,12.4956,-0.6214,0.1962,0.1944,0.3389,0.5233,0.5192,0.0285,0.3738,0.2246,0.1511,0.0701,0.1962,0.4877,6.4682,3.2625,1.16
234,2024-06-24,2024,2,26,S3,14.4217,0.679858,0.0234,0.242055,0.0881,0.302841,0.0205,0.126782,0.022,0.290548,0.0163,0.0,0.0111,4.3222,0.999,0.4223,12.6099,-0.6485,-0.3475,0.1947,0.3026,0.511,0.5073,0.028,0.366,0.2214,0.1451,0.0704,0.1825,0.4735,6.3161,3.1674,1.1438
235,2024-07-01,2024,3,27,S3,16.6975,1.671217,0.0636,0.301678,0.1097,0.376002,0.0237,0.146191,0.0269,0.858809,0.0489,0.1,0.0059,4.4895,1.0039,0.3867,12.7981,0.3933,0.2235,0.1966,0.4817,0.5226,0.6041,0.0301,0.394,0.2231,0.1576,0.0723,0.3042,0.4929,6.4602,3.297,1.1526
236,2024-07-08,2024,3,28,S3,15.0878,1.056952,0.0388,0.235836,0.0767,0.278062,0.0195,0.111356,0.0211,0.578521,0.0288,0.0367,0.0407,4.4515,0.9431,0.4071,12.1307,-0.4165,0.3022,0.2036,0.4573,0.5203,0.4721,0.0282,0.3656,0.2187,0.1455,0.0703,0.2971,0.4963,6.431,3.3197,1.1297
237,2024-07-15,2024,3,29,S3,13.977,1.175112,0.0409,0.204765,0.0737,0.238251,0.0153,0.119606,0.022,0.540765,0.0266,0.0,0.0,4.3452,1.0171,0.3718,11.6152,-0.5156,-0.0739,0.2112,0.4545,0.5209,0.4319,0.0263,0.3119,0.2124,0.1424,0.0697,0.284,0.4972,6.4383,3.3258,1.0972
238,2024-07-22,2024,3,30,S3,14.8133,1.502434,0.0598,0.234125,0.0714,0.261994,0.019,0.120974,0.0232,0.704742,0.0394,0.0391,0.0,4.1536,0.984,0.428,11.8625,-0.2041,0.0584,0.209,0.5464,0.5283,0.4134,0.027,0.3243,0.2089,0.1447,0.0695,0.3274,0.5066,6.5299,3.3884,1.0788
239,2024-07-29,2024,3,31,S3,14.3251,1.449857,0.0509,0.212659,0.0648,0.237008,0.0166,0.115976,0.022,0.631171,0.0351,0.0,0.0,4.4039,1.0127,0.3957,11.5813,-0.5416,0.2238,0.2137,0.5528,0.5339,0.3794,0.0263,0.3067,0.2043,0.142,0.0689,0.3362,0.5111,6.5994,3.4188,1.055
240,2024-08-05,2024,3,32,S3,13.9236,1.131441,0.0466,0.198359,0.0651,0.236913,0.0162,0.111425,0.022,0.563186,0.0307,0.0,0.0,4.2631,0.9998,0.4035,11.553,-0.5414,-0.0934,0.2158,0.5349,0.5321,0.3741,0.0255,0.2943,0.2005,0.1405,0.068,0.3238,0.5115,6.5777,3.4213,1.0355
241,2024-08-12,2024,3,33,S3,13.8707,1.079259,0.0397,0.194083,0.0628,0.230728,0.0162,0.108965,0.0209,0.491095,0.0254,0.0,0.0,4.3506,0.9725,0.4433,11.393,-0.5959,0.1736,0.2091,0.4911,0.5293,0.3624,0.025,0.2887,0.1969,0.1363,0.0672,0.2953,0.5077,6.5432,3.3962,1.0172
242,2024-08-19,2024,3,34,S3,14.6494,1.372234,0.0493,0.235386,0.0811,0.277308,0.0192,0.118211,0.0216,0.689217,0.0354,0.06,0.0,4.4843,0.9937,0.4259,11.7497,-0.0341,-0.1342,0.2094,0.5144,0.5333,0.4437,0.0267,0.3155,0.1972,0.1364,0.0676,0.3182,0.5151,6.5918,3.4452,1.0184
243,2024-08-26,2024,3,35,S3,14.3935,1.330807,0.0494,0.203945,0.0736,0.261064,0.0166,0.11489,0.024,0.696292,0.0354,0.06,0.0,4.1868,1.0073,0.3881,11.3699,0.039,-0.0955,0.214,0.528,0.5359,0.4259,0.0258,0.3027,0.1963,0.1441,0.0676,0.3319,0.5219,6.6248,3.4907,1.0139
244,2024-09-02,2024,3,36,S3,14.4536,1.024024,0.039,0.221949,0.0703,0.290867,0.0208,0.106298,0.0191,0.452537,0.0221,0.07,0.0067,4.2268,1.0072,0.3809,11.5169,0.1127,-0.1599,0.2064,0.4838,0.5315,0.407,0.0264,0.3369,0.1975,0.1324,0.0666,0.2871,0.5146,6.5694,3.4418,1.0202
245,2024-09-09,2024,3,37,S3,13.8928,0.589042,0.0219,0.1932,0.07,0.217025,0.0141,0.115213,0.023,0.262596,0.0145,0.0,0.001,4.4462,0.9964,0.3846,11.6553,-0.5604,0.0685,0.1965,0.3749,0.5156,0.4019,0.0253,0.2876,0.1935,0.1387,0.0669,0.23,0.4949,6.373,3.3107,0.9996
246,2024-09-16,2024,3,38,S3,13.2766,0.589164,0.0242,0.18972,0.0682,0.196301,0.0146,0.102069,0.0188,0.231972,0.0119,0.0,0.0,4.3411,1.0306,0.3996,10.9788,-0.4933,0.2316,0.1928,0.3262,0.5013,0.3926,0.0248,0.2708,0.1887,0.1288,0.0657,0.1855,0.4752,6.1962,3.1783,0.9747
247,2024-09-23,2024,3,39,S3,12.7973,0.580535,0.0236,0.188123,0.0647,0.169739,0.011,0.104869,0.0195,0.22116,0.0116,0.0,0.018,4.0925,1.0066,0.3853,10.96,-0.5262,-0.0368,0.1876,0.2963,0.4881,0.3747,0.0246,0.2283,0.1827,0.1261,0.0653,0.1575,0.4568,6.0338,3.0555,0.9435
248,2024-09-30,2024,3,40,S3,13.2274,1.058788,0.0426,0.201684,0.0745,0.199147,0.0129,0.103419,0.0193,0.547741,0.0304,0.0,0.0148,4.5166,0.9838,0.3775,11.5104,-0.6078,-0.2542,0.195,0.3742,0.4893,0.4164,0.0251,0.2273,0.18,0.1239,0.0648,0.2154,0.4628,6.0478,3.0959,0.9299
249,2024-10-07,2024,4,41,S3,13.7553,1.135886,0.0429,0.20115,0.069,0.198756,0.0139,0.10071,0.019,0.574721,0.0284,0.0,0.0,4.4909,1.015,0.4125,11.901,-0.5767,-0.2165,0.1925,0.4184,0.4921,0.3993,0.0252,0.2368,0.1778,0.1219,0.0642,0.2422,0.4696,6.0825,3.1414,0.9185
250,2024-10-14,2024,4,42,S3,13.4701,0.999141,0.039,0.181867,0.0588,0.203536,0.0134,0.103381,0.0183,0.561465,0.0327,0.0,0.0,4.3967,1.0387,0.3786,11.2468,-0.4902,0.0789,0.1956,0.4235,0.4914,0.3493,0.0244,0.2362,0.1764,0.1186,0.0641,0.2756,0.4749,6.074,3.1765,0.9111
251,2024-10-21,2024,4,43,S3,13.9876,1.162515,0.0474,0.205153,0.0654,0.205549,0.0131,0.105692,0.0204,0.529776,0.0273,0.0,0.011,4.2575,1.031,0.4244,11.4672,-0.5539,0.3688,0.1934,0.468,0.4946,0.3694,0.0252,0.2329,0.1754,0.1238,0.0643,0.274,0.4778,6.1135,3.1957,0.9058
252,2024-10-28,2024,4,44,S3,13.862,1.170143,0.0422,0.201982,0.0673,0.206743,0.0135,0.1067,0.0198,0.501762,0.0259,0.0,0.0038,4.5298,0.9726,0.3777,11.6627,-0.5958,0.0787,0.196,0.4665,0.4976,0.382,0.0253,0.2353,0.1746,0.1244,0.0645,0.2673,0.4787,6.1512,3.2018,0.9019
253,2024-11-04,2024,4,45,S3,14.0842,1.204292,0.0481,0.21833,0.07,0.210798,0.015,0.108291,0.0202,0.562567,0.0281,0.0,0.0,4.3844,0.9815,0.4089,11.9684,-0.5968,-0.0774,0.1981,0.4951,0.5011,0.3968,0.026,0.2506,0.1743,0.1262,0.0649,0.2721,0.4829,6.1945,3.2301,0.9002
254,2024-11-11,2024,4,46,S3,13.9016,1.056795,0.0417,0.193309,0.0672,0.209728,0.0147,0.10318,0.0213,0.500491,0.027,0.0,0.0,4.6815,1.0297,0.3777,11.5215,-0.5427,0.1532,0.1992,0.4791,0.5009,0.3871,0.0252,0.2544,0.1739,0.1303,0.0645,0.2709,0.4831,6.1919,3.2316,0.8985
255,2024-11-18,2024,4,47,S3,13.7953,1.042785,0.0416,0.194541,0.0627,0.232834,0.0154,0.110117,0.0225,0.518463,0.0292,0.0,0.0052,4.4974,0.9749,0.387,11.6817,-0.6017,-0.0479,0.2003,0.4698,0.5004,0.3645,0.025,0.2635,0.1753,0.1364,0.065,0.2789,0.4844,6.1854,3.2398,0.9056
256,2024-11-25,2024,4,48,S3,18.665,2.680413,0.1125,0.336517,0.1161,0.540975,0.0396,0.159002,0.0317,1.274112,0.0653,0.18,0.0,4.4898,0.9735,0.3504,13.5772,1.3029,-0.0757,0.2068,0.8164,0.5298,0.6046,0.0304,0.5012,0.1936,0.1684,0.07,0.4271,0.519,6.5491,3.4719,1.0
257,2024-12-02,2024,4,49,S3,16.4385,1.892736,0.0713,0.325549,0.1188,0.48155,0.032,0.165123,0.0341,0.92581,0.0481,0.0,0.0038,4.3905,0.9874,0.3449,13.2129,-0.6151,-0.1917,0.2453,0.8028,0.5436,0.6649,0.0317,0.5343,0.2058,0.1919,0.0738,0.4477,0.5359,6.7197,3.5844,1.0629
258,2024-12-09,2024,4,50,S3,14.6408,0.580761,0.0232,0.212906,0.0678,0.261607,0.0191,0.105831,0.0215,0.246061,0.0135,0.0,0.0,4.5423,1.0084,0.3682,11.6528,-0.5459,0.2817,0.2221,0.5567,0.5263,0.4434,0.0277,0.4254,0.2034,0.1639,0.0706,0.3224,0.5124,6.505,3.4271,1.0506
259,2024-12-16,2024,4,51,S3,13.4741,0.577807,0.0254,0.230173,0.0831,0.265726,0.0178,0.109488,0.0222,0.246265,0.0129,0.0,0.0267,4.4995,0.9779,0.3758,11.6741,-0.6537,-0.5078,0.2198,0.4322,0.5105,0.4692,0.0273,0.363,0.2017,0.1522,0.0689,0.2448,0.4917,6.3106,3.2888,1.0419
260,2024-12-23,2024,4,52,S3,18.4963,2.788223,0.1017,0.367383,0.1406,0.61452,0.0477,0.164545,0.0321,1.059591,0.0615,0.15,0.025,4.6102,0.9683,0.3538,13.4245,0.8577,0.1596,0.2192,0.7421,0.5405,0.7378,0.0321,0.6239,0.2185,0.1776,0.0731,0.3917,0.5173,6.6814,3.4603,1.1287
261,2024-12-30,2024,4,1,S3,15.5883,0.997177,0.0375,0.219083,0.0799,0.254482,0.02,0.112283,0.0238,0.556408,0.0304,0.15,0.0,4.3519,0.9865,0.3243,11.3536,0.8623,-0.0927,0.2223,0.5942,0.5349,0.5133,0.0281,0.4739,0.2134,0.164,0.0708,0.3559,0.5166,6.6124,3.4553,1.1021
